-- phpMyAdmin SQL Dump
-- version 4.5.1
-- http://www.phpmyadmin.net
--
-- Host: 127.0.0.1
-- Generation Time: Sep 03, 2018 at 10:27 AM
-- Server version: 10.1.13-MariaDB
-- PHP Version: 7.0.8

SET SQL_MODE = "NO_AUTO_VALUE_ON_ZERO";
SET time_zone = "+00:00";


/*!40101 SET @OLD_CHARACTER_SET_CLIENT=@@CHARACTER_SET_CLIENT */;
/*!40101 SET @OLD_CHARACTER_SET_RESULTS=@@CHARACTER_SET_RESULTS */;
/*!40101 SET @OLD_COLLATION_CONNECTION=@@COLLATION_CONNECTION */;
/*!40101 SET NAMES utf8mb4 */;

--
-- Database: `dosa`
--

-- --------------------------------------------------------

--
-- Table structure for table `attendances`
--

CREATE TABLE `attendances` (
  `id` int(11) NOT NULL,
  `employee_id` int(11) NOT NULL,
  `attendance_status` int(5) NOT NULL COMMENT '1 Present, 2 Half Day, 3 Absent, 4 Off, 5 full',
  `attendance_date` date NOT NULL,
  `remarks` text NOT NULL,
  `created_on` timestamp NOT NULL DEFAULT CURRENT_TIMESTAMP
) ENGINE=InnoDB DEFAULT CHARSET=latin1;

--
-- Dumping data for table `attendances`
--

INSERT INTO `attendances` (`id`, `employee_id`, `attendance_status`, `attendance_date`, `remarks`, `created_on`) VALUES
(1, 1, 4, '2018-08-16', '', '2018-08-16 09:46:39'),
(2, 2, 5, '2018-08-16', '', '2018-08-16 09:46:39'),
(3, 3, 3, '2018-08-16', '', '2018-08-16 09:46:39'),
(4, 4, 2, '2018-08-16', '', '2018-08-16 09:46:39'),
(5, 5, 3, '2018-08-31', '', '2018-08-31 06:20:40'),
(6, 5, 2, '2018-08-30', '', '2018-08-31 06:20:47'),
(7, 5, 5, '2018-08-28', '', '2018-08-31 06:24:46');

-- --------------------------------------------------------

--
-- Table structure for table `bills`
--

CREATE TABLE `bills` (
  `id` int(10) NOT NULL,
  `transaction_date` date NOT NULL,
  `voucher_no` varchar(50) NOT NULL,
  `table_id` int(10) NOT NULL,
  `total` decimal(10,2) NOT NULL,
  `tax_id` int(10) NOT NULL,
  `round_off` decimal(5,2) NOT NULL,
  `grand_total` decimal(10,2) NOT NULL,
  `customer_id` int(10) DEFAULT NULL,
  `created_on` datetime NOT NULL DEFAULT CURRENT_TIMESTAMP,
  `order_type` varchar(10) NOT NULL,
  `occupied_time` timestamp NULL DEFAULT NULL,
  `status` varchar(20) NOT NULL,
  `no_of_pax` int(11) DEFAULT NULL,
  `payment_status` int(10) NOT NULL,
  `payment_type` varchar(50) NOT NULL,
  `employee_id` int(10) DEFAULT NULL,
  `offer_id` int(10) DEFAULT NULL
) ENGINE=InnoDB DEFAULT CHARSET=latin1;

--
-- Dumping data for table `bills`
--

INSERT INTO `bills` (`id`, `transaction_date`, `voucher_no`, `table_id`, `total`, `tax_id`, `round_off`, `grand_total`, `customer_id`, `created_on`, `order_type`, `occupied_time`, `status`, `no_of_pax`, `payment_status`, `payment_type`, `employee_id`, `offer_id`) VALUES
(1, '2017-09-01', '1', 1, '0.00', 0, '-0.42', '611.00', 5, '2018-09-01 00:02:00', 'dinner', '2018-09-01 09:07:15', '', 5, 0, 'cash', 2, NULL),
(2, '2017-10-15', '2', 2, '0.00', 0, '-0.31', '1878.00', 5, '2018-09-01 15:07:05', 'dinner', '2018-09-01 09:26:33', '', 4, 0, 'card', 2, NULL),
(3, '2017-08-11', '2', 2, '0.00', 0, '-0.31', '1878.00', 5, '2018-09-01 15:20:05', 'dinner', '2018-09-01 09:26:33', '', 4, 0, 'card', 2, NULL),
(4, '2017-09-01', '1', 1, '0.00', 0, '-0.42', '611.00', 5, '2018-09-01 14:38:11', 'dinner', '2018-09-01 09:07:15', '', 5, 0, 'cash', 2, NULL),
(5, '2017-10-12', '1', 1, '0.00', 0, '-0.42', '611.00', 5, '2018-09-01 16:38:11', 'dinner', '2018-09-01 09:07:15', '', 5, 0, 'cash', 2, NULL),
(6, '2018-08-22', '2', 1, '0.00', 0, '-0.45', '618.00', 9, '2018-09-01 15:56:02', 'dinner', '2018-09-01 10:25:44', '', 1, 0, 'card', NULL, NULL),
(7, '2018-09-01', '3', 1, '0.00', 0, '-0.45', '429.00', 9, '2018-09-01 15:56:57', 'dinner', '2018-09-01 10:26:11', '', 1, 0, 'paytm', NULL, NULL);

-- --------------------------------------------------------

--
-- Table structure for table `bill_rows`
--

CREATE TABLE `bill_rows` (
  `id` int(10) NOT NULL,
  `bill_id` int(10) NOT NULL,
  `item_id` int(10) NOT NULL,
  `quantity` decimal(10,2) NOT NULL,
  `rate` decimal(10,2) NOT NULL DEFAULT '0.00',
  `amount` decimal(10,2) NOT NULL DEFAULT '0.00',
  `discount_per` decimal(10,2) DEFAULT '0.00',
  `discount_amount` decimal(10,2) NOT NULL,
  `net_amount` decimal(10,2) NOT NULL DEFAULT '0.00',
  `tax_per` decimal(10,2) NOT NULL
) ENGINE=InnoDB DEFAULT CHARSET=latin1;

--
-- Dumping data for table `bill_rows`
--

INSERT INTO `bill_rows` (`id`, `bill_id`, `item_id`, `quantity`, `rate`, `amount`, `discount_per`, `discount_amount`, `net_amount`, `tax_per`) VALUES
(1, 1, 1, '1.00', '133.00', '133.00', '10.00', '13.30', '125.69', '5.00'),
(2, 1, 2, '1.00', '152.00', '152.00', '10.00', '15.20', '143.64', '5.00'),
(3, 1, 3, '1.00', '152.00', '152.00', '10.00', '15.20', '143.64', '5.00'),
(4, 1, 4, '2.00', '105.00', '210.00', '10.00', '21.00', '198.45', '5.00'),
(13, 2, 3, '2.00', '152.00', '304.00', '5.00', '15.20', '303.24', '5.00'),
(14, 2, 150, '4.00', '152.00', '608.00', '5.00', '30.40', '606.48', '5.00'),
(15, 2, 2, '3.00', '152.00', '456.00', '5.00', '22.80', '454.86', '5.00'),
(16, 2, 1, '1.00', '133.00', '133.00', '5.00', '6.65', '132.67', '5.00'),
(17, 2, 151, '1.00', '105.00', '105.00', '5.00', '5.25', '104.74', '5.00'),
(18, 2, 5, '1.00', '86.00', '86.00', '5.00', '4.30', '85.79', '5.00'),
(19, 2, 152, '1.00', '86.00', '86.00', '5.00', '4.30', '85.79', '5.00'),
(20, 2, 6, '1.00', '105.00', '105.00', '5.00', '5.25', '104.74', '5.00'),
(21, 6, 148, '1.00', '133.00', '133.00', '0.00', '0.00', '139.65', '5.00'),
(22, 6, 2, '1.00', '152.00', '152.00', '0.00', '0.00', '159.60', '5.00'),
(23, 6, 149, '1.00', '152.00', '152.00', '0.00', '0.00', '159.60', '5.00'),
(24, 6, 150, '1.00', '152.00', '152.00', '0.00', '0.00', '159.60', '5.00'),
(25, 7, 2, '1.00', '152.00', '152.00', '0.00', '0.00', '159.60', '5.00'),
(26, 7, 3, '1.00', '152.00', '152.00', '0.00', '0.00', '159.60', '5.00'),
(27, 7, 4, '1.00', '105.00', '105.00', '0.00', '0.00', '110.25', '5.00');

-- --------------------------------------------------------

--
-- Table structure for table `comments`
--

CREATE TABLE `comments` (
  `id` int(10) NOT NULL,
  `comment` varchar(255) NOT NULL
) ENGINE=InnoDB DEFAULT CHARSET=latin1;

--
-- Dumping data for table `comments`
--

INSERT INTO `comments` (`id`, `comment`) VALUES
(1, 'Spicy'),
(2, 'Midum socy'),
(3, 'less oil'),
(4, 'No masrum');

-- --------------------------------------------------------

--
-- Table structure for table `customers`
--

CREATE TABLE `customers` (
  `id` int(10) NOT NULL,
  `name` varchar(255) DEFAULT NULL,
  `address` text,
  `mobile_no` varchar(10) NOT NULL,
  `dob` date NOT NULL,
  `anniversary` date NOT NULL,
  `email` varchar(255) NOT NULL,
  `customer_code` int(10) NOT NULL
) ENGINE=InnoDB DEFAULT CHARSET=latin1;

--
-- Dumping data for table `customers`
--

INSERT INTO `customers` (`id`, `name`, `address`, `mobile_no`, `dob`, `anniversary`, `email`, `customer_code`) VALUES
(1, 'Abhilash Lohar Chawand', 'sec 4 udaipur', '9636653883', '1992-05-31', '0000-00-00', 'abhilashlohar01@gmail.com', 2001),
(3, 'Dsu', '', '8888888888', '2018-08-30', '2018-08-30', '', 2002),
(4, 'Yashwant', NULL, '9876543210', '0000-00-00', '0000-00-00', '', 2003),
(5, 'Abhilash Lohar Chawand', 'sec 4 udaipur', '9636653888', '1992-05-31', '0000-00-00', 'abhilashlohar01@gmail.com', 2004),
(6, 'Abhilash Lohar Chawand', 'sec 4 udaipur', '9636653889', '1992-05-31', '0000-00-00', 'abhilashlohar01@gmail.com', 2005),
(7, 'Abhilash Lohar Chawand', 'sec 4 udaipur', '9636653880', '1992-05-31', '0000-00-00', 'abhilashlohar01@gmail.com', 2006),
(8, 'Ashish Bohara', 'sdfsdfds', '9696969696', '1990-05-31', '1970-01-01', 'ashish@gmail.com', 2007),
(9, 'Yash', NULL, '', '0000-00-00', '0000-00-00', '', 2008);

-- --------------------------------------------------------

--
-- Table structure for table `designations`
--

CREATE TABLE `designations` (
  `id` int(11) NOT NULL,
  `name` varchar(200) NOT NULL,
  `is_deleted` tinyint(1) NOT NULL
) ENGINE=InnoDB DEFAULT CHARSET=latin1;

--
-- Dumping data for table `designations`
--

INSERT INTO `designations` (`id`, `name`, `is_deleted`) VALUES
(1, 'Steward', 0);

-- --------------------------------------------------------

--
-- Table structure for table `employees`
--

CREATE TABLE `employees` (
  `id` int(11) NOT NULL,
  `name` varchar(50) NOT NULL,
  `mobile_no` varchar(20) NOT NULL,
  `email` varchar(50) NOT NULL,
  `address` text NOT NULL,
  `created_on` timestamp NOT NULL DEFAULT CURRENT_TIMESTAMP,
  `is_deleted` tinyint(1) NOT NULL,
  `designation_id` int(10) NOT NULL,
  `salary` decimal(10,2) NOT NULL
) ENGINE=InnoDB DEFAULT CHARSET=latin1;

--
-- Dumping data for table `employees`
--

INSERT INTO `employees` (`id`, `name`, `mobile_no`, `email`, `address`, `created_on`, `is_deleted`, `designation_id`, `salary`) VALUES
(1, 'Ramesh', '', '', '', '2018-08-14 04:08:06', 0, 1, '0.00'),
(2, 'Prakash', '', '', '', '2018-08-14 10:24:01', 0, 1, '0.00'),
(3, 'Manoj', '', '', '', '2018-08-14 10:24:19', 0, 1, '0.00'),
(4, 'Suresh', '', '', '', '2018-08-14 10:24:31', 0, 1, '0.00'),
(5, 'Vikas', '', '', '', '2018-08-31 05:52:51', 0, 1, '12000.00');

-- --------------------------------------------------------

--
-- Table structure for table `items`
--

CREATE TABLE `items` (
  `id` int(11) NOT NULL,
  `item_sub_category_id` int(11) NOT NULL,
  `tax_id` int(5) NOT NULL,
  `name` varchar(100) NOT NULL,
  `rate` decimal(10,2) NOT NULL,
  `discount_applicable` tinyint(1) NOT NULL,
  `created_on` timestamp NOT NULL DEFAULT CURRENT_TIMESTAMP,
  `created_by` int(11) NOT NULL,
  `edited_on` timestamp NOT NULL DEFAULT '0000-00-00 00:00:00' ON UPDATE CURRENT_TIMESTAMP,
  `is_deleted` tinyint(1) NOT NULL COMMENT '0 = active, 1 = deleted',
  `is_favorite` tinyint(1) NOT NULL DEFAULT '0',
  `color` varchar(100) DEFAULT NULL
) ENGINE=InnoDB DEFAULT CHARSET=latin1;

--
-- Dumping data for table `items`
--

INSERT INTO `items` (`id`, `item_sub_category_id`, `tax_id`, `name`, `rate`, `discount_applicable`, `created_on`, `created_by`, `edited_on`, `is_deleted`, `is_favorite`, `color`) VALUES
(1, 1, 2, 'garlic roast dosa', '133.00', 1, '2018-08-23 13:06:30', 1, '2018-08-29 09:26:19', 0, 1, '#ffb3b3'),
(2, 1, 2, 'salsa lite DOSA', '152.00', 1, '2018-08-23 13:06:51', 1, '2018-08-29 12:24:16', 0, 1, '#ffffaa'),
(3, 1, 2, 'mexican roast DOSA', '152.00', 1, '2018-08-23 13:10:17', 1, '2018-08-29 09:26:41', 0, 1, '#9afd9a'),
(4, 1, 2, 'rocket mysore DOSA', '105.00', 1, '2018-08-23 13:10:35', 1, '2018-08-29 09:26:55', 0, 1, '#ffb3b3'),
(5, 1, 2, 'sada dosa', '86.00', 1, '2018-08-23 13:10:52', 1, '2018-08-24 06:52:24', 0, 1, NULL),
(6, 1, 2, 'onion sada', '105.00', 1, '2018-08-23 13:11:10', 1, '2018-08-24 06:54:01', 0, 1, NULL),
(7, 2, 2, 'prem masala DOSA', '152.00', 1, '2018-08-24 04:25:38', 1, '2018-08-24 06:53:30', 0, 1, NULL),
(8, 2, 2, 'mysore masala DOSA', '133.00', 1, '2018-08-24 04:26:28', 1, '2018-08-24 06:53:33', 0, 1, NULL),
(9, 2, 2, 'harabhara masala DOSA', '152.00', 1, '2018-08-24 04:26:58', 1, '2018-08-24 06:54:05', 0, 1, NULL),
(10, 2, 2, 'maharaja masala DOSA', '152.00', 1, '2018-08-24 04:27:22', 1, '2018-08-24 06:53:36', 0, 1, NULL),
(11, 2, 2, 'masala DOSA', '105.00', 1, '2018-08-24 04:27:41', 1, '2018-08-24 06:54:08', 0, 1, NULL),
(12, 2, 2, 'navratna masala DOSA', '152.00', 1, '2018-08-24 04:27:57', 1, '2018-08-24 06:53:40', 0, 1, NULL),
(13, 2, 2, 'onion masala DOSA', '124.00', 1, '2018-08-24 04:28:12', 1, '2018-08-24 06:54:13', 0, 1, NULL),
(14, 3, 2, 'paneer schezwan DOSA', '229.00', 1, '2018-08-24 04:29:09', 1, '2018-08-24 06:54:18', 0, 1, NULL),
(15, 3, 2, 'paneer crispy DOSA', '267.00', 1, '2018-08-24 04:29:29', 1, '0000-00-00 00:00:00', 0, 0, NULL),
(16, 3, 2, 'paneer chilly DOSA', '209.00', 1, '2018-08-24 04:29:44', 1, '2018-08-24 06:52:27', 0, 1, NULL),
(17, 3, 2, 'paneer american delight DOSA', '267.00', 1, '2018-08-24 04:29:58', 1, '0000-00-00 00:00:00', 0, 0, NULL),
(18, 3, 2, 'paneer spring roll DOSA', '209.00', 1, '2018-08-24 04:30:54', 1, '0000-00-00 00:00:00', 0, 0, NULL),
(19, 3, 2, 'paneer chinese delight DOSA', '219.00', 1, '2018-08-24 04:31:10', 1, '0000-00-00 00:00:00', 0, 0, NULL),
(20, 3, 2, 'paneer american chopsuey DOSA', '200.00', 1, '2018-08-24 04:31:47', 1, '2018-08-24 06:54:27', 0, 1, NULL),
(21, 3, 2, 'paneer salad roast DOSA', '257.00', 1, '2018-08-24 04:32:01', 1, '0000-00-00 00:00:00', 0, 0, NULL),
(22, 24, 2, 'SPICY VEGGIE', '190.00', 1, '2018-08-24 04:32:38', 1, '0000-00-00 00:00:00', 0, 0, NULL),
(23, 24, 2, 'TABASCO PIZZA', '190.00', 1, '2018-08-24 04:33:06', 1, '0000-00-00 00:00:00', 0, 0, NULL),
(24, 24, 2, 'FIERY PERI PERI', '257.00', 1, '2018-08-24 04:33:21', 1, '0000-00-00 00:00:00', 0, 0, NULL),
(25, 24, 2, 'ANGRY PANEER', '257.00', 1, '2018-08-24 04:33:35', 1, '0000-00-00 00:00:00', 0, 0, NULL),
(26, 24, 2, 'MARGHERITA WITH BASIL', '171.00', 1, '2018-08-24 04:33:49', 1, '2018-08-24 07:01:24', 0, 1, NULL),
(27, 24, 2, 'TANDOORI PANEER', '219.00', 1, '2018-08-24 04:34:08', 1, '0000-00-00 00:00:00', 0, 0, NULL),
(28, 24, 2, 'MUSHROOMS AND OLIVES', '219.00', 1, '2018-08-24 04:34:24', 1, '2018-08-24 06:54:22', 0, 1, NULL),
(29, 24, 2, 'GRILLED ZUCCHINI', '229.00', 1, '2018-08-24 04:34:38', 1, '0000-00-00 00:00:00', 0, 0, NULL),
(30, 24, 2, 'SICILIAN', '285.00', 1, '2018-08-24 04:34:52', 1, '0000-00-00 00:00:00', 0, 0, NULL),
(31, 24, 2, 'SUN KISSED', '248.00', 1, '2018-08-24 04:35:04', 1, '0000-00-00 00:00:00', 0, 0, NULL),
(32, 24, 2, 'VEG GARDEN', '257.00', 1, '2018-08-24 04:35:14', 1, '0000-00-00 00:00:00', 0, 0, NULL),
(33, 24, 2, 'CHEESE BLAST', '295.00', 1, '2018-08-24 04:35:27', 1, '0000-00-00 00:00:00', 0, 0, NULL),
(34, 24, 2, 'LATINO GARDEN', '295.00', 1, '2018-08-24 04:35:38', 1, '0000-00-00 00:00:00', 0, 0, NULL),
(35, 24, 2, 'BABYCORNS AND JALAPENO', '219.00', 1, '2018-08-24 04:35:49', 1, '0000-00-00 00:00:00', 0, 0, NULL),
(36, 24, 2, 'VEGGIE CLASSIC', '133.00', 1, '2018-08-24 04:36:01', 1, '0000-00-00 00:00:00', 0, 0, NULL),
(37, 24, 2, 'VEGGIE MAMBA', '181.00', 1, '2018-08-24 04:36:14', 1, '2018-08-24 06:54:32', 0, 1, NULL),
(38, 4, 2, 'tom chi DOSA', '209.00', 1, '2018-08-24 04:44:20', 1, '0000-00-00 00:00:00', 0, 0, NULL),
(39, 4, 2, 'american delight DOSA', '238.00', 1, '2018-08-24 04:44:37', 1, '0000-00-00 00:00:00', 0, 0, NULL),
(40, 4, 2, 'mexi roll DOSA', '248.00', 1, '2018-08-24 04:44:57', 1, '2018-08-24 06:54:36', 0, 1, NULL),
(41, 4, 2, 'spring roll DOSA', '171.00', 1, '2018-08-24 04:45:13', 1, '0000-00-00 00:00:00', 0, 0, NULL),
(42, 4, 2, 'salad roast DOSA', '229.00', 1, '2018-08-24 04:45:34', 1, '2018-08-24 06:54:50', 0, 1, NULL),
(43, 5, 2, 'schezwan DOSA', '200.00', 1, '2018-08-24 04:46:01', 1, '2018-08-24 06:52:42', 0, 1, NULL),
(44, 5, 2, 'mushroom schezwan DOSA', '229.00', 1, '2018-08-24 04:46:22', 1, '0000-00-00 00:00:00', 0, 0, NULL),
(45, 5, 2, 'american chopsuey DOSA', '171.00', 1, '2018-08-24 04:46:36', 1, '2018-08-24 06:54:46', 0, 1, NULL),
(46, 5, 2, 'salsa noodles DOSA', '190.00', 1, '2018-08-24 04:46:56', 1, '0000-00-00 00:00:00', 0, 0, NULL),
(47, 5, 2, 'sizz lee noodles DOSA', '190.00', 1, '2018-08-24 04:47:17', 1, '2018-08-24 06:53:06', 0, 1, NULL),
(48, 5, 2, 'mushroom chopsuey DOSA', '209.00', 1, '2018-08-24 04:47:30', 1, '2018-08-24 07:01:28', 0, 1, NULL),
(49, 5, 2, 'chinese delight DOSA', '181.00', 1, '2018-08-24 04:47:45', 1, '0000-00-00 00:00:00', 0, 0, NULL),
(50, 6, 2, 'tom chi uttapam', '162.00', 1, '2018-08-24 04:48:11', 1, '0000-00-00 00:00:00', 0, 0, NULL),
(51, 6, 2, 'onion delight UTTAPAM', '162.00', 1, '2018-08-24 04:48:27', 1, '2018-08-24 06:55:09', 0, 1, NULL),
(52, 6, 2, 'hot garlic mexican  UTTAPAM', '162.00', 1, '2018-08-24 04:48:42', 1, '0000-00-00 00:00:00', 0, 0, NULL),
(53, 6, 2, 'chilly delight UTTAPAM', '162.00', 1, '2018-08-24 04:48:56', 1, '2018-08-24 06:54:54', 0, 1, NULL),
(54, 6, 2, 'spl prem UTTAPAM', '171.00', 1, '2018-08-24 04:49:10', 1, '2018-08-24 06:54:42', 0, 1, NULL),
(55, 6, 2, 'spl spicy UTTAPAM', '181.00', 1, '2018-08-24 04:49:22', 1, '0000-00-00 00:00:00', 0, 0, NULL),
(56, 6, 2, 'spl paneer spicy UTTAPAM', '219.00', 1, '2018-08-24 04:49:35', 1, '0000-00-00 00:00:00', 0, 0, NULL),
(57, 6, 2, 'sandwich UTTAPAM', '200.00', 1, '2018-08-24 04:49:53', 1, '0000-00-00 00:00:00', 0, 0, NULL),
(58, 7, 2, 'mysore UTTAPAM', '152.00', 1, '2018-08-24 04:52:20', 1, '2018-08-24 06:55:04', 0, 1, NULL),
(59, 7, 2, 'mix veg UTTAPAM', '171.00', 1, '2018-08-24 04:52:38', 1, '0000-00-00 00:00:00', 0, 0, NULL),
(60, 7, 2, 'plain uttapam', '85.00', 1, '2018-08-24 04:52:53', 1, '0000-00-00 00:00:00', 0, 0, NULL),
(61, 7, 2, 'mini uttapam', '105.00', 1, '2018-08-24 04:53:41', 1, '2018-08-24 06:54:59', 0, 1, NULL),
(62, 7, 2, 'onion uttapam', '133.00', 1, '2018-08-24 04:53:57', 1, '2018-08-24 06:52:47', 0, 1, NULL),
(63, 7, 2, 'tomato uttapam', '133.00', 1, '2018-08-24 04:54:23', 1, '0000-00-00 00:00:00', 0, 0, NULL),
(64, 7, 2, 'onion tomato uttapam', '162.00', 1, '2018-08-24 04:54:35', 1, '2018-08-24 07:01:33', 0, 1, NULL),
(65, 8, 2, 'chetinaad Biryani', '238.00', 1, '2018-08-24 04:55:05', 1, '0000-00-00 00:00:00', 0, 0, NULL),
(66, 8, 2, 'samber rice', '162.00', 1, '2018-08-24 04:55:20', 1, '0000-00-00 00:00:00', 0, 0, NULL),
(67, 8, 2, 'tamrind rice ( imli rice )', '171.00', 1, '2018-08-24 04:55:32', 1, '0000-00-00 00:00:00', 0, 0, NULL),
(68, 8, 2, 'tomato rice', '171.00', 1, '2018-08-24 04:55:45', 1, '0000-00-00 00:00:00', 0, 0, NULL),
(69, 8, 2, 'lemon rice', '171.00', 1, '2018-08-24 04:55:58', 1, '0000-00-00 00:00:00', 0, 0, NULL),
(70, 8, 2, 'dahi ( curd ) rice', '171.00', 1, '2018-08-24 04:56:14', 1, '2018-08-24 06:55:15', 0, 1, NULL),
(71, 9, 2, 'chennai idli 8 pcs', '95.00', 1, '2018-08-24 04:56:37', 1, '0000-00-00 00:00:00', 0, 0, NULL),
(72, 9, 2, 'spl mini idli  12 pce', '114.00', 1, '2018-08-24 04:56:52', 1, '0000-00-00 00:00:00', 0, 0, NULL),
(73, 9, 2, '14 ghee idli   14 pcs', '133.00', 1, '2018-08-24 04:57:12', 1, '0000-00-00 00:00:00', 0, 0, NULL),
(74, 9, 2, 'rasam idli     8 pcs', '104.00', 1, '2018-08-24 04:57:27', 1, '0000-00-00 00:00:00', 0, 0, NULL),
(75, 9, 2, 'butter idli     12 pcs', '124.00', 1, '2018-08-24 04:57:47', 1, '0000-00-00 00:00:00', 0, 0, NULL),
(76, 10, 2, 'idli manchurian', '171.00', 1, '2018-08-24 04:58:36', 1, '2018-08-24 06:52:54', 0, 1, NULL),
(77, 10, 2, 'idli cheese manchurian', '190.00', 1, '2018-08-24 04:58:49', 1, '0000-00-00 00:00:00', 0, 0, NULL),
(78, 10, 2, 'idli cheese schezwan', '190.00', 1, '2018-08-24 04:59:01', 1, '0000-00-00 00:00:00', 0, 0, NULL),
(79, 11, 2, 'medu wada 2 pcs', '114.00', 1, '2018-08-24 04:59:25', 1, '0000-00-00 00:00:00', 0, 0, NULL),
(80, 11, 2, 'mini medu wada 6 pcs', '124.00', 1, '2018-08-24 04:59:38', 1, '0000-00-00 00:00:00', 0, 0, NULL),
(81, 11, 2, 'rasam wada 4 pcs', '114.00', 1, '2018-08-24 04:59:53', 1, '0000-00-00 00:00:00', 0, 0, NULL),
(82, 11, 2, 'mysore wada 4 pcs', '133.00', 1, '2018-08-24 05:00:05', 1, '0000-00-00 00:00:00', 0, 0, NULL),
(83, 11, 2, 'samber wada 4 pcs', '114.00', 1, '2018-08-24 05:00:17', 1, '0000-00-00 00:00:00', 0, 0, NULL),
(84, 12, 2, 'butter pav bhaji', '114.00', 1, '2018-08-24 05:00:50', 1, '0000-00-00 00:00:00', 0, 0, NULL),
(85, 12, 2, 'cheese pav bhaji', '143.00', 1, '2018-08-24 05:01:04', 1, '0000-00-00 00:00:00', 0, 0, NULL),
(86, 12, 2, 'extra pav', '29.00', 1, '2018-08-24 05:01:17', 1, '0000-00-00 00:00:00', 0, 0, NULL),
(87, 12, 2, 'cheese masala pav', '57.00', 1, '2018-08-24 05:01:34', 1, '0000-00-00 00:00:00', 0, 0, NULL),
(88, 13, 2, 'tomato soup', '105.00', 1, '2018-08-24 05:02:06', 1, '0000-00-00 00:00:00', 0, 0, NULL),
(89, 13, 2, 'veg clear soup', '105.00', 1, '2018-08-24 05:02:22', 1, '0000-00-00 00:00:00', 0, 0, NULL),
(90, 13, 2, 'sweet corn soup', '105.00', 1, '2018-08-24 05:02:35', 1, '2018-08-24 07:01:39', 0, 1, NULL),
(91, 13, 2, 'manchow soup', '105.00', 1, '2018-08-24 05:02:46', 1, '0000-00-00 00:00:00', 0, 0, NULL),
(92, 13, 2, 'hot n sour soup', '105.00', 1, '2018-08-24 05:02:57', 1, '0000-00-00 00:00:00', 0, 0, NULL),
(93, 14, 2, 'french fries', '95.00', 1, '2018-08-24 05:03:17', 1, '0000-00-00 00:00:00', 0, 0, NULL),
(94, 14, 2, 'chinese bhel', '143.00', 1, '2018-08-24 05:03:33', 1, '0000-00-00 00:00:00', 0, 0, NULL),
(95, 14, 2, 'aloo 65', '152.00', 1, '2018-08-24 05:03:46', 1, '0000-00-00 00:00:00', 0, 0, NULL),
(96, 14, 2, 'crispy fried baby corn', '162.00', 1, '2018-08-24 05:04:00', 1, '0000-00-00 00:00:00', 0, 0, NULL),
(97, 14, 2, 'veg spring roll', '162.00', 1, '2018-08-24 05:04:12', 1, '0000-00-00 00:00:00', 0, 0, NULL),
(98, 14, 2, 'veg manchurian dry', '162.00', 1, '2018-08-24 05:04:22', 1, '0000-00-00 00:00:00', 0, 0, NULL),
(99, 14, 2, 'veg crispy', '162.00', 1, '2018-08-24 05:04:34', 1, '0000-00-00 00:00:00', 0, 0, NULL),
(100, 14, 2, 'honey chilli patato', '190.00', 1, '2018-08-24 05:04:44', 1, '0000-00-00 00:00:00', 0, 0, NULL),
(101, 14, 2, 'veg manchurian gravy', '181.00', 1, '2018-08-24 05:04:56', 1, '0000-00-00 00:00:00', 0, 0, NULL),
(102, 14, 2, 'veg manchurian gravy', '181.00', 1, '2018-08-24 05:04:56', 1, '0000-00-00 00:00:00', 0, 0, NULL),
(103, 15, 2, 'paneer 65', '190.00', 1, '2018-08-24 05:05:21', 1, '0000-00-00 00:00:00', 0, 0, NULL),
(104, 15, 2, 'panee chilly dry', '181.00', 1, '2018-08-24 05:05:32', 1, '0000-00-00 00:00:00', 0, 0, NULL),
(105, 15, 2, 'thread paneer', '210.00', 1, '2018-08-24 05:05:45', 1, '0000-00-00 00:00:00', 0, 0, NULL),
(106, 15, 2, 'paneer chilli gravy', '200.00', 1, '2018-08-24 05:05:56', 1, '2018-08-24 06:53:01', 0, 1, NULL),
(107, 15, 2, 'paneer hot garlic gravy', '200.00', 1, '2018-08-24 05:06:08', 1, '0000-00-00 00:00:00', 0, 0, NULL),
(108, 16, 2, 'veg hakka noodles', '152.00', 1, '2018-08-24 05:06:48', 1, '0000-00-00 00:00:00', 0, 0, NULL),
(109, 16, 2, 'tom chi noodles', '162.00', 1, '2018-08-24 05:07:00', 1, '0000-00-00 00:00:00', 0, 0, NULL),
(110, 16, 2, 'chilly garlic noodles', '171.00', 1, '2018-08-24 05:07:12', 1, '0000-00-00 00:00:00', 0, 0, NULL),
(111, 16, 2, 'veg schezwan noodles', '181.00', 1, '2018-08-24 05:07:24', 1, '0000-00-00 00:00:00', 0, 0, NULL),
(112, 16, 2, 'veg chinese chopsuey', '190.00', 1, '2018-08-24 05:07:40', 1, '0000-00-00 00:00:00', 0, 0, NULL),
(113, 17, 2, 'veg triple schezwan fried rice', '219.00', 1, '2018-08-24 05:08:48', 1, '0000-00-00 00:00:00', 0, 0, NULL),
(114, 17, 2, 'schezwan fried rice', '181.00', 1, '2018-08-24 05:09:01', 1, '0000-00-00 00:00:00', 0, 0, NULL),
(115, 17, 2, 'veg fried rice', '162.00', 1, '2018-08-24 05:09:14', 1, '0000-00-00 00:00:00', 0, 0, NULL),
(116, 17, 2, 'mushroom fried rice', '200.00', 1, '2018-08-24 05:09:28', 1, '0000-00-00 00:00:00', 0, 0, NULL),
(117, 18, 2, 'schezwan sizzler', '333.00', 1, '2018-08-24 05:09:48', 1, '0000-00-00 00:00:00', 0, 0, NULL),
(118, 18, 2, 'veg sizzler', '295.00', 1, '2018-08-24 05:10:02', 1, '0000-00-00 00:00:00', 0, 0, NULL),
(119, 19, 2, 'mojito', '181.00', 1, '2018-08-24 05:12:17', 1, '0000-00-00 00:00:00', 0, 0, NULL),
(120, 19, 2, 'lemoni', '143.00', 1, '2018-08-24 05:12:29', 1, '0000-00-00 00:00:00', 0, 0, NULL),
(121, 19, 2, 'cool sky', '143.00', 1, '2018-08-24 05:12:40', 1, '0000-00-00 00:00:00', 0, 0, NULL),
(122, 19, 2, 'irish bery', '143.00', 1, '2018-08-24 05:12:52', 1, '0000-00-00 00:00:00', 0, 0, NULL),
(123, 19, 2, 'fresh lime soda', '67.00', 1, '2018-08-24 05:13:04', 1, '0000-00-00 00:00:00', 0, 0, NULL),
(124, 20, 2, 'vanilla shake', '105.00', 1, '2018-08-24 05:13:21', 1, '0000-00-00 00:00:00', 0, 0, NULL),
(125, 20, 2, 'strawberry shake', '114.00', 1, '2018-08-24 05:13:32', 1, '0000-00-00 00:00:00', 0, 0, NULL),
(126, 20, 2, 'chocolate shake', '114.00', 1, '2018-08-24 05:13:45', 1, '0000-00-00 00:00:00', 0, 0, NULL),
(127, 20, 2, 'orio milkshake', '124.00', 1, '2018-08-24 05:14:26', 1, '0000-00-00 00:00:00', 0, 0, NULL),
(128, 20, 2, 'coldcoffee', '105.00', 1, '2018-08-24 05:14:46', 1, '0000-00-00 00:00:00', 0, 0, NULL),
(129, 20, 2, 'coldcoffee with icecream', '124.00', 1, '2018-08-24 05:14:59', 1, '0000-00-00 00:00:00', 0, 0, NULL),
(130, 20, 2, 'mocha cold coffee ', '143.00', 1, '2018-08-24 05:15:10', 1, '0000-00-00 00:00:00', 0, 0, NULL),
(131, 20, 2, 'popcorn cold coffee', '143.00', 1, '2018-08-24 05:15:25', 1, '0000-00-00 00:00:00', 0, 0, NULL),
(132, 20, 2, 'hazelnut cold coffee', '143.00', 1, '2018-08-24 05:15:38', 1, '0000-00-00 00:00:00', 0, 0, NULL),
(133, 20, 2, 'mango cheesecake shake', '143.00', 1, '2018-08-24 05:15:55', 1, '2018-08-24 06:53:15', 0, 1, NULL),
(134, 20, 2, 'bubblegum shake', '143.00', 1, '2018-08-24 05:16:07', 1, '0000-00-00 00:00:00', 0, 0, NULL),
(135, 20, 2, 'tea ', '38.00', 1, '2018-08-24 05:16:20', 1, '0000-00-00 00:00:00', 0, 0, NULL),
(136, 20, 2, 'filter coffee', '57.00', 1, '2018-08-24 05:16:34', 1, '0000-00-00 00:00:00', 0, 0, NULL),
(137, 21, 2, 'thumsup', '29.00', 1, '2018-08-24 05:16:54', 1, '2018-08-24 06:53:21', 0, 1, NULL),
(138, 21, 2, 'coke', '29.00', 1, '2018-08-24 05:17:04', 1, '0000-00-00 00:00:00', 0, 0, NULL),
(139, 21, 2, 'limca', '29.00', 1, '2018-08-24 05:17:18', 1, '0000-00-00 00:00:00', 0, 0, NULL),
(140, 21, 2, 'fanta', '29.00', 1, '2018-08-24 05:17:30', 1, '0000-00-00 00:00:00', 0, 0, NULL),
(141, 21, 2, 'sprite', '29.00', 1, '2018-08-24 05:17:40', 1, '0000-00-00 00:00:00', 0, 0, NULL),
(142, 21, 2, 'mazza', '29.00', 1, '2018-08-24 05:17:52', 1, '0000-00-00 00:00:00', 0, 0, NULL),
(143, 22, 2, 'mineral water', '19.00', 0, '2018-08-24 05:18:26', 1, '2018-08-24 06:53:11', 0, 1, NULL),
(144, 22, 2, 'fresh lime water', '47.00', 1, '2018-08-24 05:18:44', 1, '0000-00-00 00:00:00', 0, 0, NULL),
(145, 23, 2, 'dahi wada', '133.00', 1, '2018-08-24 05:19:06', 1, '0000-00-00 00:00:00', 0, 0, NULL),
(146, 23, 2, 'butter milk', '47.00', 1, '2018-08-24 05:19:21', 1, '0000-00-00 00:00:00', 0, 0, NULL),
(147, 23, 2, 'lassi', '57.00', 1, '2018-08-24 05:19:35', 1, '0000-00-00 00:00:00', 0, 0, NULL),
(148, 1, 2, 'garlic roast dosa', '133.00', 1, '0000-00-00 00:00:00', 1, '0000-00-00 00:00:00', 0, 1, NULL),
(149, 1, 2, 'salsa lite DOSA', '152.00', 1, '0000-00-00 00:00:00', 1, '0000-00-00 00:00:00', 0, 1, NULL),
(150, 1, 2, 'mexican roast DOSA', '152.00', 1, '0000-00-00 00:00:00', 1, '0000-00-00 00:00:00', 0, 1, NULL),
(151, 1, 2, 'rocket mysore DOSA', '105.00', 1, '0000-00-00 00:00:00', 1, '0000-00-00 00:00:00', 0, 1, NULL),
(152, 1, 2, 'sada dosa', '86.00', 1, '0000-00-00 00:00:00', 1, '0000-00-00 00:00:00', 0, 1, NULL),
(153, 1, 2, 'onion sada', '105.00', 1, '0000-00-00 00:00:00', 1, '0000-00-00 00:00:00', 0, 1, NULL),
(154, 2, 2, 'prem masala DOSA', '152.00', 1, '0000-00-00 00:00:00', 1, '0000-00-00 00:00:00', 0, 1, NULL),
(155, 2, 2, 'mysore masala DOSA', '133.00', 1, '0000-00-00 00:00:00', 1, '0000-00-00 00:00:00', 0, 1, NULL),
(156, 2, 2, 'harabhara masala DOSA', '152.00', 1, '0000-00-00 00:00:00', 1, '0000-00-00 00:00:00', 0, 1, NULL),
(157, 2, 2, 'maharaja masala DOSA', '152.00', 1, '0000-00-00 00:00:00', 1, '0000-00-00 00:00:00', 0, 1, NULL),
(158, 2, 2, 'masala DOSA', '105.00', 1, '0000-00-00 00:00:00', 1, '0000-00-00 00:00:00', 0, 1, NULL),
(159, 2, 2, 'navratna masala DOSA', '152.00', 1, '0000-00-00 00:00:00', 1, '0000-00-00 00:00:00', 0, 1, NULL),
(160, 2, 2, 'onion masala DOSA', '124.00', 1, '0000-00-00 00:00:00', 1, '0000-00-00 00:00:00', 0, 1, NULL),
(161, 3, 2, 'paneer schezwan DOSA', '229.00', 1, '0000-00-00 00:00:00', 1, '0000-00-00 00:00:00', 0, 1, NULL),
(162, 3, 2, 'paneer crispy DOSA', '267.00', 1, '0000-00-00 00:00:00', 1, '0000-00-00 00:00:00', 0, 0, NULL),
(163, 3, 2, 'paneer chilly DOSA', '209.00', 1, '0000-00-00 00:00:00', 1, '0000-00-00 00:00:00', 0, 1, NULL),
(164, 3, 2, 'paneer american delight DOSA', '267.00', 1, '0000-00-00 00:00:00', 1, '0000-00-00 00:00:00', 0, 0, NULL),
(165, 3, 2, 'paneer spring roll DOSA', '209.00', 1, '0000-00-00 00:00:00', 1, '0000-00-00 00:00:00', 0, 0, NULL),
(166, 3, 2, 'paneer chinese delight DOSA', '219.00', 1, '0000-00-00 00:00:00', 1, '0000-00-00 00:00:00', 0, 0, NULL),
(167, 3, 2, 'paneer american chopsuey DOSA', '200.00', 1, '0000-00-00 00:00:00', 1, '0000-00-00 00:00:00', 0, 1, NULL),
(168, 3, 2, 'paneer salad roast DOSA', '257.00', 1, '0000-00-00 00:00:00', 1, '0000-00-00 00:00:00', 0, 0, NULL),
(169, 24, 2, 'SPICY VEGGIE', '190.00', 1, '0000-00-00 00:00:00', 1, '0000-00-00 00:00:00', 0, 0, NULL),
(170, 24, 2, 'TABASCO PIZZA', '190.00', 1, '0000-00-00 00:00:00', 1, '0000-00-00 00:00:00', 0, 0, NULL),
(171, 24, 2, 'FIERY PERI PERI', '257.00', 1, '0000-00-00 00:00:00', 1, '0000-00-00 00:00:00', 0, 0, NULL),
(172, 24, 2, 'ANGRY PANEER', '257.00', 1, '0000-00-00 00:00:00', 1, '0000-00-00 00:00:00', 0, 0, NULL),
(173, 24, 2, 'MARGHERITA WITH BASIL', '171.00', 1, '0000-00-00 00:00:00', 1, '0000-00-00 00:00:00', 0, 1, NULL),
(174, 24, 2, 'TANDOORI PANEER', '219.00', 1, '0000-00-00 00:00:00', 1, '0000-00-00 00:00:00', 0, 0, NULL),
(175, 24, 2, 'MUSHROOMS AND OLIVES', '219.00', 1, '0000-00-00 00:00:00', 1, '0000-00-00 00:00:00', 0, 1, NULL),
(176, 24, 2, 'GRILLED ZUCCHINI', '229.00', 1, '0000-00-00 00:00:00', 1, '0000-00-00 00:00:00', 0, 0, NULL),
(177, 24, 2, 'SICILIAN', '285.00', 1, '0000-00-00 00:00:00', 1, '0000-00-00 00:00:00', 0, 0, NULL),
(178, 24, 2, 'SUN KISSED', '248.00', 1, '0000-00-00 00:00:00', 1, '0000-00-00 00:00:00', 0, 0, NULL),
(179, 24, 2, 'VEG GARDEN', '257.00', 1, '0000-00-00 00:00:00', 1, '0000-00-00 00:00:00', 0, 0, NULL),
(180, 24, 2, 'CHEESE BLAST', '295.00', 1, '0000-00-00 00:00:00', 1, '0000-00-00 00:00:00', 0, 0, NULL),
(181, 24, 2, 'LATINO GARDEN', '295.00', 1, '0000-00-00 00:00:00', 1, '0000-00-00 00:00:00', 0, 0, NULL),
(182, 24, 2, 'BABYCORNS AND JALAPENO', '219.00', 1, '0000-00-00 00:00:00', 1, '0000-00-00 00:00:00', 0, 0, NULL),
(183, 24, 2, 'VEGGIE CLASSIC', '133.00', 1, '0000-00-00 00:00:00', 1, '0000-00-00 00:00:00', 0, 0, NULL),
(184, 24, 2, 'VEGGIE MAMBA', '181.00', 1, '0000-00-00 00:00:00', 1, '0000-00-00 00:00:00', 0, 1, NULL),
(185, 4, 2, 'tom chi DOSA', '209.00', 1, '0000-00-00 00:00:00', 1, '0000-00-00 00:00:00', 0, 0, NULL),
(186, 4, 2, 'american delight DOSA', '238.00', 1, '0000-00-00 00:00:00', 1, '0000-00-00 00:00:00', 0, 0, NULL),
(187, 4, 2, 'mexi roll DOSA', '248.00', 1, '0000-00-00 00:00:00', 1, '0000-00-00 00:00:00', 0, 1, NULL),
(188, 4, 2, 'spring roll DOSA', '171.00', 1, '0000-00-00 00:00:00', 1, '0000-00-00 00:00:00', 0, 0, NULL),
(189, 4, 2, 'salad roast DOSA', '229.00', 1, '0000-00-00 00:00:00', 1, '0000-00-00 00:00:00', 0, 1, NULL),
(190, 5, 2, 'schezwan DOSA', '200.00', 1, '0000-00-00 00:00:00', 1, '0000-00-00 00:00:00', 0, 1, NULL),
(191, 5, 2, 'mushroom schezwan DOSA', '229.00', 1, '0000-00-00 00:00:00', 1, '0000-00-00 00:00:00', 0, 0, NULL),
(192, 5, 2, 'american chopsuey DOSA', '171.00', 1, '0000-00-00 00:00:00', 1, '0000-00-00 00:00:00', 0, 1, NULL),
(193, 5, 2, 'salsa noodles DOSA', '190.00', 1, '0000-00-00 00:00:00', 1, '0000-00-00 00:00:00', 0, 0, NULL),
(194, 5, 2, 'sizz lee noodles DOSA', '190.00', 1, '0000-00-00 00:00:00', 1, '0000-00-00 00:00:00', 0, 1, NULL),
(195, 5, 2, 'mushroom chopsuey DOSA', '209.00', 1, '0000-00-00 00:00:00', 1, '0000-00-00 00:00:00', 0, 1, NULL),
(196, 5, 2, 'chinese delight DOSA', '181.00', 1, '0000-00-00 00:00:00', 1, '0000-00-00 00:00:00', 0, 0, NULL),
(197, 6, 2, 'tom chi uttapam', '162.00', 1, '0000-00-00 00:00:00', 1, '0000-00-00 00:00:00', 0, 0, NULL),
(198, 6, 2, 'onion delight UTTAPAM', '162.00', 1, '0000-00-00 00:00:00', 1, '0000-00-00 00:00:00', 0, 1, NULL),
(199, 6, 2, 'hot garlic mexican  UTTAPAM', '162.00', 1, '0000-00-00 00:00:00', 1, '0000-00-00 00:00:00', 0, 0, NULL),
(200, 6, 2, 'chilly delight UTTAPAM', '162.00', 1, '0000-00-00 00:00:00', 1, '0000-00-00 00:00:00', 0, 1, NULL),
(201, 6, 2, 'spl prem UTTAPAM', '171.00', 1, '0000-00-00 00:00:00', 1, '0000-00-00 00:00:00', 0, 1, NULL),
(202, 6, 2, 'spl spicy UTTAPAM', '181.00', 1, '0000-00-00 00:00:00', 1, '0000-00-00 00:00:00', 0, 0, NULL),
(203, 6, 2, 'spl paneer spicy UTTAPAM', '219.00', 1, '0000-00-00 00:00:00', 1, '0000-00-00 00:00:00', 0, 0, NULL),
(204, 6, 2, 'sandwich UTTAPAM', '200.00', 1, '0000-00-00 00:00:00', 1, '0000-00-00 00:00:00', 0, 0, NULL),
(205, 7, 2, 'mysore UTTAPAM', '152.00', 1, '0000-00-00 00:00:00', 1, '0000-00-00 00:00:00', 0, 1, NULL),
(206, 7, 2, 'mix veg UTTAPAM', '171.00', 1, '0000-00-00 00:00:00', 1, '0000-00-00 00:00:00', 0, 0, NULL),
(207, 7, 2, 'plain uttapam', '85.00', 1, '0000-00-00 00:00:00', 1, '0000-00-00 00:00:00', 0, 0, NULL),
(208, 7, 2, 'mini uttapam', '105.00', 1, '0000-00-00 00:00:00', 1, '0000-00-00 00:00:00', 0, 1, NULL),
(209, 7, 2, 'onion uttapam', '133.00', 1, '0000-00-00 00:00:00', 1, '0000-00-00 00:00:00', 0, 1, NULL),
(210, 7, 2, 'tomato uttapam', '133.00', 1, '0000-00-00 00:00:00', 1, '0000-00-00 00:00:00', 0, 0, NULL),
(211, 7, 2, 'onion tomato uttapam', '162.00', 1, '0000-00-00 00:00:00', 1, '0000-00-00 00:00:00', 0, 1, NULL),
(212, 8, 2, 'chetinaad Biryani', '238.00', 1, '0000-00-00 00:00:00', 1, '0000-00-00 00:00:00', 0, 0, NULL),
(213, 8, 2, 'samber rice', '162.00', 1, '0000-00-00 00:00:00', 1, '0000-00-00 00:00:00', 0, 0, NULL),
(214, 8, 2, 'tamrind rice ( imli rice )', '171.00', 1, '0000-00-00 00:00:00', 1, '0000-00-00 00:00:00', 0, 0, NULL),
(215, 8, 2, 'tomato rice', '171.00', 1, '0000-00-00 00:00:00', 1, '0000-00-00 00:00:00', 0, 0, NULL),
(216, 8, 2, 'lemon rice', '171.00', 1, '0000-00-00 00:00:00', 1, '0000-00-00 00:00:00', 0, 0, NULL),
(217, 8, 2, 'dahi ( curd ) rice', '171.00', 1, '0000-00-00 00:00:00', 1, '0000-00-00 00:00:00', 0, 1, NULL),
(218, 9, 2, 'chennai idli 8 pcs', '95.00', 1, '0000-00-00 00:00:00', 1, '0000-00-00 00:00:00', 0, 0, NULL),
(219, 9, 2, 'spl mini idli  12 pce', '114.00', 1, '0000-00-00 00:00:00', 1, '0000-00-00 00:00:00', 0, 0, NULL),
(220, 9, 2, '14 ghee idli   14 pcs', '133.00', 1, '0000-00-00 00:00:00', 1, '0000-00-00 00:00:00', 0, 0, NULL),
(221, 9, 2, 'rasam idli     8 pcs', '104.00', 1, '0000-00-00 00:00:00', 1, '0000-00-00 00:00:00', 0, 0, NULL),
(222, 9, 2, 'butter idli     12 pcs', '124.00', 1, '0000-00-00 00:00:00', 1, '0000-00-00 00:00:00', 0, 0, NULL),
(223, 10, 2, 'idli manchurian', '171.00', 1, '0000-00-00 00:00:00', 1, '0000-00-00 00:00:00', 0, 1, NULL),
(224, 10, 2, 'idli cheese manchurian', '190.00', 1, '0000-00-00 00:00:00', 1, '0000-00-00 00:00:00', 0, 0, NULL),
(225, 10, 2, 'idli cheese schezwan', '190.00', 1, '0000-00-00 00:00:00', 1, '0000-00-00 00:00:00', 0, 0, NULL),
(226, 11, 2, 'medu wada 2 pcs', '114.00', 1, '0000-00-00 00:00:00', 1, '0000-00-00 00:00:00', 0, 0, NULL),
(227, 11, 2, 'mini medu wada 6 pcs', '124.00', 1, '0000-00-00 00:00:00', 1, '0000-00-00 00:00:00', 0, 0, NULL),
(228, 11, 2, 'rasam wada 4 pcs', '114.00', 1, '0000-00-00 00:00:00', 1, '0000-00-00 00:00:00', 0, 0, NULL),
(229, 11, 2, 'mysore wada 4 pcs', '133.00', 1, '0000-00-00 00:00:00', 1, '0000-00-00 00:00:00', 0, 0, NULL),
(230, 11, 2, 'samber wada 4 pcs', '114.00', 1, '0000-00-00 00:00:00', 1, '0000-00-00 00:00:00', 0, 0, NULL),
(231, 12, 2, 'butter pav bhaji', '114.00', 1, '0000-00-00 00:00:00', 1, '0000-00-00 00:00:00', 0, 0, NULL),
(232, 12, 2, 'cheese pav bhaji', '143.00', 1, '0000-00-00 00:00:00', 1, '0000-00-00 00:00:00', 0, 0, NULL),
(233, 12, 2, 'extra pav', '29.00', 1, '0000-00-00 00:00:00', 1, '0000-00-00 00:00:00', 0, 0, NULL),
(234, 12, 2, 'cheese masala pav', '57.00', 1, '0000-00-00 00:00:00', 1, '0000-00-00 00:00:00', 0, 0, NULL),
(235, 13, 2, 'tomato soup', '105.00', 1, '0000-00-00 00:00:00', 1, '0000-00-00 00:00:00', 0, 0, NULL),
(236, 13, 2, 'veg clear soup', '105.00', 1, '0000-00-00 00:00:00', 1, '0000-00-00 00:00:00', 0, 0, NULL),
(237, 13, 2, 'sweet corn soup', '105.00', 1, '0000-00-00 00:00:00', 1, '0000-00-00 00:00:00', 0, 1, NULL),
(238, 13, 2, 'manchow soup', '105.00', 1, '0000-00-00 00:00:00', 1, '0000-00-00 00:00:00', 0, 0, NULL),
(239, 13, 2, 'hot n sour soup', '105.00', 1, '0000-00-00 00:00:00', 1, '0000-00-00 00:00:00', 0, 0, NULL),
(240, 14, 2, 'french fries', '95.00', 1, '0000-00-00 00:00:00', 1, '0000-00-00 00:00:00', 0, 0, NULL),
(241, 14, 2, 'chinese bhel', '143.00', 1, '0000-00-00 00:00:00', 1, '0000-00-00 00:00:00', 0, 0, NULL),
(242, 14, 2, 'aloo 65', '152.00', 1, '0000-00-00 00:00:00', 1, '0000-00-00 00:00:00', 0, 0, NULL),
(243, 14, 2, 'crispy fried baby corn', '162.00', 1, '0000-00-00 00:00:00', 1, '0000-00-00 00:00:00', 0, 0, NULL),
(244, 14, 2, 'veg spring roll', '162.00', 1, '0000-00-00 00:00:00', 1, '0000-00-00 00:00:00', 0, 0, NULL),
(245, 14, 2, 'veg manchurian dry', '162.00', 1, '0000-00-00 00:00:00', 1, '0000-00-00 00:00:00', 0, 0, NULL),
(246, 14, 2, 'veg crispy', '162.00', 1, '0000-00-00 00:00:00', 1, '0000-00-00 00:00:00', 0, 0, NULL),
(247, 14, 2, 'honey chilli patato', '190.00', 1, '0000-00-00 00:00:00', 1, '0000-00-00 00:00:00', 0, 0, NULL),
(248, 14, 2, 'veg manchurian gravy', '181.00', 1, '0000-00-00 00:00:00', 1, '0000-00-00 00:00:00', 0, 0, NULL),
(249, 14, 2, 'veg manchurian gravy', '181.00', 1, '0000-00-00 00:00:00', 1, '0000-00-00 00:00:00', 0, 0, NULL),
(250, 15, 2, 'paneer 65', '190.00', 1, '0000-00-00 00:00:00', 1, '0000-00-00 00:00:00', 0, 0, NULL),
(251, 15, 2, 'panee chilly dry', '181.00', 1, '0000-00-00 00:00:00', 1, '0000-00-00 00:00:00', 0, 0, NULL),
(252, 15, 2, 'thread paneer', '210.00', 1, '0000-00-00 00:00:00', 1, '0000-00-00 00:00:00', 0, 0, NULL),
(253, 15, 2, 'paneer chilli gravy', '200.00', 1, '0000-00-00 00:00:00', 1, '0000-00-00 00:00:00', 0, 1, NULL),
(254, 15, 2, 'paneer hot garlic gravy', '200.00', 1, '0000-00-00 00:00:00', 1, '0000-00-00 00:00:00', 0, 0, NULL),
(255, 16, 2, 'veg hakka noodles', '152.00', 1, '0000-00-00 00:00:00', 1, '0000-00-00 00:00:00', 0, 0, NULL),
(256, 16, 2, 'tom chi noodles', '162.00', 1, '0000-00-00 00:00:00', 1, '0000-00-00 00:00:00', 0, 0, NULL),
(257, 16, 2, 'chilly garlic noodles', '171.00', 1, '0000-00-00 00:00:00', 1, '0000-00-00 00:00:00', 0, 0, NULL),
(258, 16, 2, 'veg schezwan noodles', '181.00', 1, '0000-00-00 00:00:00', 1, '0000-00-00 00:00:00', 0, 0, NULL),
(259, 16, 2, 'veg chinese chopsuey', '190.00', 1, '0000-00-00 00:00:00', 1, '0000-00-00 00:00:00', 0, 0, NULL),
(260, 17, 2, 'veg triple schezwan fried rice', '219.00', 1, '0000-00-00 00:00:00', 1, '0000-00-00 00:00:00', 0, 0, NULL),
(261, 17, 2, 'schezwan fried rice', '181.00', 1, '0000-00-00 00:00:00', 1, '0000-00-00 00:00:00', 0, 0, NULL),
(262, 17, 2, 'veg fried rice', '162.00', 1, '0000-00-00 00:00:00', 1, '0000-00-00 00:00:00', 0, 0, NULL),
(263, 17, 2, 'mushroom fried rice', '200.00', 1, '0000-00-00 00:00:00', 1, '0000-00-00 00:00:00', 0, 0, NULL),
(264, 18, 2, 'schezwan sizzler', '333.00', 1, '0000-00-00 00:00:00', 1, '0000-00-00 00:00:00', 0, 0, NULL),
(265, 18, 2, 'veg sizzler', '295.00', 1, '0000-00-00 00:00:00', 1, '0000-00-00 00:00:00', 0, 0, NULL),
(266, 19, 2, 'mojito', '181.00', 1, '0000-00-00 00:00:00', 1, '0000-00-00 00:00:00', 0, 0, NULL),
(267, 19, 2, 'lemoni', '143.00', 1, '0000-00-00 00:00:00', 1, '0000-00-00 00:00:00', 0, 0, NULL),
(268, 19, 2, 'cool sky', '143.00', 1, '0000-00-00 00:00:00', 1, '0000-00-00 00:00:00', 0, 0, NULL),
(269, 19, 2, 'irish bery', '143.00', 1, '0000-00-00 00:00:00', 1, '0000-00-00 00:00:00', 0, 0, NULL),
(270, 19, 2, 'fresh lime soda', '67.00', 1, '0000-00-00 00:00:00', 1, '0000-00-00 00:00:00', 0, 0, NULL),
(271, 20, 2, 'vanilla shake', '105.00', 1, '0000-00-00 00:00:00', 1, '0000-00-00 00:00:00', 0, 0, NULL),
(272, 20, 2, 'strawberry shake', '114.00', 1, '0000-00-00 00:00:00', 1, '0000-00-00 00:00:00', 0, 0, NULL),
(273, 20, 2, 'chocolate shake', '114.00', 1, '0000-00-00 00:00:00', 1, '0000-00-00 00:00:00', 0, 0, NULL),
(274, 20, 2, 'orio milkshake', '124.00', 1, '0000-00-00 00:00:00', 1, '0000-00-00 00:00:00', 0, 0, NULL),
(275, 20, 2, 'coldcoffee', '105.00', 1, '0000-00-00 00:00:00', 1, '0000-00-00 00:00:00', 0, 0, NULL),
(276, 20, 2, 'coldcoffee with icecream', '124.00', 1, '0000-00-00 00:00:00', 1, '0000-00-00 00:00:00', 0, 0, NULL),
(277, 20, 2, 'mocha cold coffee ', '143.00', 1, '0000-00-00 00:00:00', 1, '0000-00-00 00:00:00', 0, 0, NULL),
(278, 20, 2, 'popcorn cold coffee', '143.00', 1, '0000-00-00 00:00:00', 1, '0000-00-00 00:00:00', 0, 0, NULL),
(279, 20, 2, 'hazelnut cold coffee', '143.00', 1, '0000-00-00 00:00:00', 1, '0000-00-00 00:00:00', 0, 0, NULL),
(280, 20, 2, 'mango cheesecake shake', '143.00', 1, '0000-00-00 00:00:00', 1, '0000-00-00 00:00:00', 0, 1, NULL),
(281, 20, 2, 'bubblegum shake', '143.00', 1, '0000-00-00 00:00:00', 1, '0000-00-00 00:00:00', 0, 0, NULL),
(282, 20, 2, 'tea ', '38.00', 1, '0000-00-00 00:00:00', 1, '0000-00-00 00:00:00', 0, 0, NULL),
(283, 20, 2, 'filter coffee', '57.00', 1, '0000-00-00 00:00:00', 1, '0000-00-00 00:00:00', 0, 0, NULL),
(284, 21, 2, 'thumsup', '29.00', 1, '0000-00-00 00:00:00', 1, '0000-00-00 00:00:00', 0, 1, NULL),
(285, 21, 2, 'coke', '29.00', 1, '0000-00-00 00:00:00', 1, '0000-00-00 00:00:00', 0, 0, NULL),
(286, 21, 2, 'limca', '29.00', 1, '0000-00-00 00:00:00', 1, '0000-00-00 00:00:00', 0, 0, NULL),
(287, 21, 2, 'fanta', '29.00', 1, '0000-00-00 00:00:00', 1, '0000-00-00 00:00:00', 0, 0, NULL),
(288, 21, 2, 'sprite', '29.00', 1, '0000-00-00 00:00:00', 1, '0000-00-00 00:00:00', 0, 0, NULL),
(289, 21, 2, 'mazza', '29.00', 1, '0000-00-00 00:00:00', 1, '0000-00-00 00:00:00', 0, 0, NULL),
(290, 22, 2, 'mineral water', '19.00', 0, '0000-00-00 00:00:00', 1, '0000-00-00 00:00:00', 0, 1, NULL),
(291, 22, 2, 'fresh lime water', '47.00', 1, '0000-00-00 00:00:00', 1, '0000-00-00 00:00:00', 0, 0, NULL),
(292, 23, 2, 'dahi wada', '133.00', 1, '0000-00-00 00:00:00', 1, '0000-00-00 00:00:00', 0, 0, NULL),
(293, 23, 2, 'butter milk', '47.00', 1, '0000-00-00 00:00:00', 1, '0000-00-00 00:00:00', 0, 0, NULL),
(294, 23, 2, 'lassi', '57.00', 1, '0000-00-00 00:00:00', 1, '0000-00-00 00:00:00', 0, 0, NULL),
(295, 1, 2, 'garlic roast dosa', '133.00', 1, '0000-00-00 00:00:00', 1, '0000-00-00 00:00:00', 0, 1, NULL),
(296, 1, 2, 'salsa lite DOSA', '152.00', 1, '0000-00-00 00:00:00', 1, '0000-00-00 00:00:00', 0, 1, NULL),
(297, 1, 2, 'mexican roast DOSA', '152.00', 1, '0000-00-00 00:00:00', 1, '0000-00-00 00:00:00', 0, 1, NULL),
(298, 1, 2, 'rocket mysore DOSA', '105.00', 1, '0000-00-00 00:00:00', 1, '0000-00-00 00:00:00', 0, 1, NULL),
(299, 1, 2, 'sada dosa', '86.00', 1, '0000-00-00 00:00:00', 1, '0000-00-00 00:00:00', 0, 1, NULL),
(300, 1, 2, 'onion sada', '105.00', 1, '0000-00-00 00:00:00', 1, '0000-00-00 00:00:00', 0, 1, NULL),
(301, 2, 2, 'prem masala DOSA', '152.00', 1, '0000-00-00 00:00:00', 1, '0000-00-00 00:00:00', 0, 1, NULL),
(302, 2, 2, 'mysore masala DOSA', '133.00', 1, '0000-00-00 00:00:00', 1, '0000-00-00 00:00:00', 0, 1, NULL),
(303, 2, 2, 'harabhara masala DOSA', '152.00', 1, '0000-00-00 00:00:00', 1, '0000-00-00 00:00:00', 0, 1, NULL),
(304, 2, 2, 'maharaja masala DOSA', '152.00', 1, '0000-00-00 00:00:00', 1, '0000-00-00 00:00:00', 0, 1, NULL),
(305, 2, 2, 'masala DOSA', '105.00', 1, '0000-00-00 00:00:00', 1, '0000-00-00 00:00:00', 0, 1, NULL),
(306, 2, 2, 'navratna masala DOSA', '152.00', 1, '0000-00-00 00:00:00', 1, '0000-00-00 00:00:00', 0, 1, NULL),
(307, 2, 2, 'onion masala DOSA', '124.00', 1, '0000-00-00 00:00:00', 1, '0000-00-00 00:00:00', 0, 1, NULL),
(308, 3, 2, 'paneer schezwan DOSA', '229.00', 1, '0000-00-00 00:00:00', 1, '0000-00-00 00:00:00', 0, 1, NULL),
(309, 3, 2, 'paneer crispy DOSA', '267.00', 1, '0000-00-00 00:00:00', 1, '0000-00-00 00:00:00', 0, 0, NULL),
(310, 3, 2, 'paneer chilly DOSA', '209.00', 1, '0000-00-00 00:00:00', 1, '0000-00-00 00:00:00', 0, 1, NULL),
(311, 3, 2, 'paneer american delight DOSA', '267.00', 1, '0000-00-00 00:00:00', 1, '0000-00-00 00:00:00', 0, 0, NULL),
(312, 3, 2, 'paneer spring roll DOSA', '209.00', 1, '0000-00-00 00:00:00', 1, '0000-00-00 00:00:00', 0, 0, NULL),
(313, 3, 2, 'paneer chinese delight DOSA', '219.00', 1, '0000-00-00 00:00:00', 1, '0000-00-00 00:00:00', 0, 0, NULL),
(314, 3, 2, 'paneer american chopsuey DOSA', '200.00', 1, '0000-00-00 00:00:00', 1, '0000-00-00 00:00:00', 0, 1, NULL),
(315, 3, 2, 'paneer salad roast DOSA', '257.00', 1, '0000-00-00 00:00:00', 1, '0000-00-00 00:00:00', 0, 0, NULL),
(316, 24, 2, 'SPICY VEGGIE', '190.00', 1, '0000-00-00 00:00:00', 1, '0000-00-00 00:00:00', 0, 0, NULL),
(317, 24, 2, 'TABASCO PIZZA', '190.00', 1, '0000-00-00 00:00:00', 1, '0000-00-00 00:00:00', 0, 0, NULL),
(318, 24, 2, 'FIERY PERI PERI', '257.00', 1, '0000-00-00 00:00:00', 1, '0000-00-00 00:00:00', 0, 0, NULL),
(319, 24, 2, 'ANGRY PANEER', '257.00', 1, '0000-00-00 00:00:00', 1, '0000-00-00 00:00:00', 0, 0, NULL),
(320, 24, 2, 'MARGHERITA WITH BASIL', '171.00', 1, '0000-00-00 00:00:00', 1, '0000-00-00 00:00:00', 0, 1, NULL),
(321, 24, 2, 'TANDOORI PANEER', '219.00', 1, '0000-00-00 00:00:00', 1, '0000-00-00 00:00:00', 0, 0, NULL),
(322, 24, 2, 'MUSHROOMS AND OLIVES', '219.00', 1, '0000-00-00 00:00:00', 1, '0000-00-00 00:00:00', 0, 1, NULL),
(323, 24, 2, 'GRILLED ZUCCHINI', '229.00', 1, '0000-00-00 00:00:00', 1, '0000-00-00 00:00:00', 0, 0, NULL),
(324, 24, 2, 'SICILIAN', '285.00', 1, '0000-00-00 00:00:00', 1, '0000-00-00 00:00:00', 0, 0, NULL),
(325, 24, 2, 'SUN KISSED', '248.00', 1, '0000-00-00 00:00:00', 1, '0000-00-00 00:00:00', 0, 0, NULL),
(326, 24, 2, 'VEG GARDEN', '257.00', 1, '0000-00-00 00:00:00', 1, '0000-00-00 00:00:00', 0, 0, NULL),
(327, 24, 2, 'CHEESE BLAST', '295.00', 1, '0000-00-00 00:00:00', 1, '0000-00-00 00:00:00', 0, 0, NULL),
(328, 24, 2, 'LATINO GARDEN', '295.00', 1, '0000-00-00 00:00:00', 1, '0000-00-00 00:00:00', 0, 0, NULL),
(329, 24, 2, 'BABYCORNS AND JALAPENO', '219.00', 1, '0000-00-00 00:00:00', 1, '0000-00-00 00:00:00', 0, 0, NULL),
(330, 24, 2, 'VEGGIE CLASSIC', '133.00', 1, '0000-00-00 00:00:00', 1, '0000-00-00 00:00:00', 0, 0, NULL),
(331, 24, 2, 'VEGGIE MAMBA', '181.00', 1, '0000-00-00 00:00:00', 1, '0000-00-00 00:00:00', 0, 1, NULL),
(332, 4, 2, 'tom chi DOSA', '209.00', 1, '0000-00-00 00:00:00', 1, '0000-00-00 00:00:00', 0, 0, NULL),
(333, 4, 2, 'american delight DOSA', '238.00', 1, '0000-00-00 00:00:00', 1, '0000-00-00 00:00:00', 0, 0, NULL),
(334, 4, 2, 'mexi roll DOSA', '248.00', 1, '0000-00-00 00:00:00', 1, '0000-00-00 00:00:00', 0, 1, NULL),
(335, 4, 2, 'spring roll DOSA', '171.00', 1, '0000-00-00 00:00:00', 1, '0000-00-00 00:00:00', 0, 0, NULL),
(336, 4, 2, 'salad roast DOSA', '229.00', 1, '0000-00-00 00:00:00', 1, '0000-00-00 00:00:00', 0, 1, NULL),
(337, 5, 2, 'schezwan DOSA', '200.00', 1, '0000-00-00 00:00:00', 1, '0000-00-00 00:00:00', 0, 1, NULL),
(338, 5, 2, 'mushroom schezwan DOSA', '229.00', 1, '0000-00-00 00:00:00', 1, '0000-00-00 00:00:00', 0, 0, NULL),
(339, 5, 2, 'american chopsuey DOSA', '171.00', 1, '0000-00-00 00:00:00', 1, '0000-00-00 00:00:00', 0, 1, NULL),
(340, 5, 2, 'salsa noodles DOSA', '190.00', 1, '0000-00-00 00:00:00', 1, '0000-00-00 00:00:00', 0, 0, NULL),
(341, 5, 2, 'sizz lee noodles DOSA', '190.00', 1, '0000-00-00 00:00:00', 1, '0000-00-00 00:00:00', 0, 1, NULL),
(342, 5, 2, 'mushroom chopsuey DOSA', '209.00', 1, '0000-00-00 00:00:00', 1, '0000-00-00 00:00:00', 0, 1, NULL),
(343, 5, 2, 'chinese delight DOSA', '181.00', 1, '0000-00-00 00:00:00', 1, '0000-00-00 00:00:00', 0, 0, NULL),
(344, 6, 2, 'tom chi uttapam', '162.00', 1, '0000-00-00 00:00:00', 1, '0000-00-00 00:00:00', 0, 0, NULL),
(345, 6, 2, 'onion delight UTTAPAM', '162.00', 1, '0000-00-00 00:00:00', 1, '0000-00-00 00:00:00', 0, 1, NULL),
(346, 6, 2, 'hot garlic mexican  UTTAPAM', '162.00', 1, '0000-00-00 00:00:00', 1, '0000-00-00 00:00:00', 0, 0, NULL),
(347, 6, 2, 'chilly delight UTTAPAM', '162.00', 1, '0000-00-00 00:00:00', 1, '0000-00-00 00:00:00', 0, 1, NULL),
(348, 6, 2, 'spl prem UTTAPAM', '171.00', 1, '0000-00-00 00:00:00', 1, '0000-00-00 00:00:00', 0, 1, NULL),
(349, 6, 2, 'spl spicy UTTAPAM', '181.00', 1, '0000-00-00 00:00:00', 1, '0000-00-00 00:00:00', 0, 0, NULL),
(350, 6, 2, 'spl paneer spicy UTTAPAM', '219.00', 1, '0000-00-00 00:00:00', 1, '0000-00-00 00:00:00', 0, 0, NULL),
(351, 6, 2, 'sandwich UTTAPAM', '200.00', 1, '0000-00-00 00:00:00', 1, '0000-00-00 00:00:00', 0, 0, NULL),
(352, 7, 2, 'mysore UTTAPAM', '152.00', 1, '0000-00-00 00:00:00', 1, '0000-00-00 00:00:00', 0, 1, NULL),
(353, 7, 2, 'mix veg UTTAPAM', '171.00', 1, '0000-00-00 00:00:00', 1, '0000-00-00 00:00:00', 0, 0, NULL),
(354, 7, 2, 'plain uttapam', '85.00', 1, '0000-00-00 00:00:00', 1, '0000-00-00 00:00:00', 0, 0, NULL),
(355, 7, 2, 'mini uttapam', '105.00', 1, '0000-00-00 00:00:00', 1, '0000-00-00 00:00:00', 0, 1, NULL),
(356, 7, 2, 'onion uttapam', '133.00', 1, '0000-00-00 00:00:00', 1, '0000-00-00 00:00:00', 0, 1, NULL),
(357, 7, 2, 'tomato uttapam', '133.00', 1, '0000-00-00 00:00:00', 1, '0000-00-00 00:00:00', 0, 0, NULL),
(358, 7, 2, 'onion tomato uttapam', '162.00', 1, '0000-00-00 00:00:00', 1, '0000-00-00 00:00:00', 0, 1, NULL),
(359, 8, 2, 'chetinaad Biryani', '238.00', 1, '0000-00-00 00:00:00', 1, '0000-00-00 00:00:00', 0, 0, NULL),
(360, 8, 2, 'samber rice', '162.00', 1, '0000-00-00 00:00:00', 1, '0000-00-00 00:00:00', 0, 0, NULL),
(361, 8, 2, 'tamrind rice ( imli rice )', '171.00', 1, '0000-00-00 00:00:00', 1, '0000-00-00 00:00:00', 0, 0, NULL),
(362, 8, 2, 'tomato rice', '171.00', 1, '0000-00-00 00:00:00', 1, '0000-00-00 00:00:00', 0, 0, NULL),
(363, 8, 2, 'lemon rice', '171.00', 1, '0000-00-00 00:00:00', 1, '0000-00-00 00:00:00', 0, 0, NULL),
(364, 8, 2, 'dahi ( curd ) rice', '171.00', 1, '0000-00-00 00:00:00', 1, '0000-00-00 00:00:00', 0, 1, NULL),
(365, 9, 2, 'chennai idli 8 pcs', '95.00', 1, '0000-00-00 00:00:00', 1, '0000-00-00 00:00:00', 0, 0, NULL),
(366, 9, 2, 'spl mini idli  12 pce', '114.00', 1, '0000-00-00 00:00:00', 1, '0000-00-00 00:00:00', 0, 0, NULL),
(367, 9, 2, '14 ghee idli   14 pcs', '133.00', 1, '0000-00-00 00:00:00', 1, '0000-00-00 00:00:00', 0, 0, NULL),
(368, 9, 2, 'rasam idli     8 pcs', '104.00', 1, '0000-00-00 00:00:00', 1, '0000-00-00 00:00:00', 0, 0, NULL),
(369, 9, 2, 'butter idli     12 pcs', '124.00', 1, '0000-00-00 00:00:00', 1, '0000-00-00 00:00:00', 0, 0, NULL),
(370, 10, 2, 'idli manchurian', '171.00', 1, '0000-00-00 00:00:00', 1, '0000-00-00 00:00:00', 0, 1, NULL),
(371, 10, 2, 'idli cheese manchurian', '190.00', 1, '0000-00-00 00:00:00', 1, '0000-00-00 00:00:00', 0, 0, NULL),
(372, 10, 2, 'idli cheese schezwan', '190.00', 1, '0000-00-00 00:00:00', 1, '0000-00-00 00:00:00', 0, 0, NULL),
(373, 11, 2, 'medu wada 2 pcs', '114.00', 1, '0000-00-00 00:00:00', 1, '0000-00-00 00:00:00', 0, 0, NULL),
(374, 11, 2, 'mini medu wada 6 pcs', '124.00', 1, '0000-00-00 00:00:00', 1, '0000-00-00 00:00:00', 0, 0, NULL),
(375, 11, 2, 'rasam wada 4 pcs', '114.00', 1, '0000-00-00 00:00:00', 1, '0000-00-00 00:00:00', 0, 0, NULL),
(376, 11, 2, 'mysore wada 4 pcs', '133.00', 1, '0000-00-00 00:00:00', 1, '0000-00-00 00:00:00', 0, 0, NULL),
(377, 11, 2, 'samber wada 4 pcs', '114.00', 1, '0000-00-00 00:00:00', 1, '0000-00-00 00:00:00', 0, 0, NULL),
(378, 12, 2, 'butter pav bhaji', '114.00', 1, '0000-00-00 00:00:00', 1, '0000-00-00 00:00:00', 0, 0, NULL),
(379, 12, 2, 'cheese pav bhaji', '143.00', 1, '0000-00-00 00:00:00', 1, '0000-00-00 00:00:00', 0, 0, NULL),
(380, 12, 2, 'extra pav', '29.00', 1, '0000-00-00 00:00:00', 1, '0000-00-00 00:00:00', 0, 0, NULL),
(381, 12, 2, 'cheese masala pav', '57.00', 1, '0000-00-00 00:00:00', 1, '0000-00-00 00:00:00', 0, 0, NULL),
(382, 13, 2, 'tomato soup', '105.00', 1, '0000-00-00 00:00:00', 1, '0000-00-00 00:00:00', 0, 0, NULL),
(383, 13, 2, 'veg clear soup', '105.00', 1, '0000-00-00 00:00:00', 1, '0000-00-00 00:00:00', 0, 0, NULL),
(384, 13, 2, 'sweet corn soup', '105.00', 1, '0000-00-00 00:00:00', 1, '0000-00-00 00:00:00', 0, 1, NULL),
(385, 13, 2, 'manchow soup', '105.00', 1, '0000-00-00 00:00:00', 1, '0000-00-00 00:00:00', 0, 0, NULL),
(386, 13, 2, 'hot n sour soup', '105.00', 1, '0000-00-00 00:00:00', 1, '0000-00-00 00:00:00', 0, 0, NULL),
(387, 14, 2, 'french fries', '95.00', 1, '0000-00-00 00:00:00', 1, '0000-00-00 00:00:00', 0, 0, NULL),
(388, 14, 2, 'chinese bhel', '143.00', 1, '0000-00-00 00:00:00', 1, '0000-00-00 00:00:00', 0, 0, NULL),
(389, 14, 2, 'aloo 65', '152.00', 1, '0000-00-00 00:00:00', 1, '0000-00-00 00:00:00', 0, 0, NULL),
(390, 14, 2, 'crispy fried baby corn', '162.00', 1, '0000-00-00 00:00:00', 1, '0000-00-00 00:00:00', 0, 0, NULL),
(391, 14, 2, 'veg spring roll', '162.00', 1, '0000-00-00 00:00:00', 1, '0000-00-00 00:00:00', 0, 0, NULL),
(392, 14, 2, 'veg manchurian dry', '162.00', 1, '0000-00-00 00:00:00', 1, '0000-00-00 00:00:00', 0, 0, NULL),
(393, 14, 2, 'veg crispy', '162.00', 1, '0000-00-00 00:00:00', 1, '0000-00-00 00:00:00', 0, 0, NULL),
(394, 14, 2, 'honey chilli patato', '190.00', 1, '0000-00-00 00:00:00', 1, '0000-00-00 00:00:00', 0, 0, NULL),
(395, 14, 2, 'veg manchurian gravy', '181.00', 1, '0000-00-00 00:00:00', 1, '0000-00-00 00:00:00', 0, 0, NULL),
(396, 14, 2, 'veg manchurian gravy', '181.00', 1, '0000-00-00 00:00:00', 1, '0000-00-00 00:00:00', 0, 0, NULL),
(397, 15, 2, 'paneer 65', '190.00', 1, '0000-00-00 00:00:00', 1, '0000-00-00 00:00:00', 0, 0, NULL),
(398, 15, 2, 'panee chilly dry', '181.00', 1, '0000-00-00 00:00:00', 1, '0000-00-00 00:00:00', 0, 0, NULL),
(399, 15, 2, 'thread paneer', '210.00', 1, '0000-00-00 00:00:00', 1, '0000-00-00 00:00:00', 0, 0, NULL),
(400, 15, 2, 'paneer chilli gravy', '200.00', 1, '0000-00-00 00:00:00', 1, '0000-00-00 00:00:00', 0, 1, NULL),
(401, 15, 2, 'paneer hot garlic gravy', '200.00', 1, '0000-00-00 00:00:00', 1, '0000-00-00 00:00:00', 0, 0, NULL),
(402, 16, 2, 'veg hakka noodles', '152.00', 1, '0000-00-00 00:00:00', 1, '0000-00-00 00:00:00', 0, 0, NULL),
(403, 16, 2, 'tom chi noodles', '162.00', 1, '0000-00-00 00:00:00', 1, '0000-00-00 00:00:00', 0, 0, NULL),
(404, 16, 2, 'chilly garlic noodles', '171.00', 1, '0000-00-00 00:00:00', 1, '0000-00-00 00:00:00', 0, 0, NULL),
(405, 16, 2, 'veg schezwan noodles', '181.00', 1, '0000-00-00 00:00:00', 1, '0000-00-00 00:00:00', 0, 0, NULL),
(406, 16, 2, 'veg chinese chopsuey', '190.00', 1, '0000-00-00 00:00:00', 1, '0000-00-00 00:00:00', 0, 0, NULL),
(407, 17, 2, 'veg triple schezwan fried rice', '219.00', 1, '0000-00-00 00:00:00', 1, '0000-00-00 00:00:00', 0, 0, NULL),
(408, 17, 2, 'schezwan fried rice', '181.00', 1, '0000-00-00 00:00:00', 1, '0000-00-00 00:00:00', 0, 0, NULL),
(409, 17, 2, 'veg fried rice', '162.00', 1, '0000-00-00 00:00:00', 1, '0000-00-00 00:00:00', 0, 0, NULL),
(410, 17, 2, 'mushroom fried rice', '200.00', 1, '0000-00-00 00:00:00', 1, '0000-00-00 00:00:00', 0, 0, NULL),
(411, 18, 2, 'schezwan sizzler', '333.00', 1, '0000-00-00 00:00:00', 1, '0000-00-00 00:00:00', 0, 0, NULL),
(412, 18, 2, 'veg sizzler', '295.00', 1, '0000-00-00 00:00:00', 1, '0000-00-00 00:00:00', 0, 0, NULL),
(413, 19, 2, 'mojito', '181.00', 1, '0000-00-00 00:00:00', 1, '0000-00-00 00:00:00', 0, 0, NULL),
(414, 19, 2, 'lemoni', '143.00', 1, '0000-00-00 00:00:00', 1, '0000-00-00 00:00:00', 0, 0, NULL),
(415, 19, 2, 'cool sky', '143.00', 1, '0000-00-00 00:00:00', 1, '0000-00-00 00:00:00', 0, 0, NULL),
(416, 19, 2, 'irish bery', '143.00', 1, '0000-00-00 00:00:00', 1, '0000-00-00 00:00:00', 0, 0, NULL),
(417, 19, 2, 'fresh lime soda', '67.00', 1, '0000-00-00 00:00:00', 1, '0000-00-00 00:00:00', 0, 0, NULL),
(418, 20, 2, 'vanilla shake', '105.00', 1, '0000-00-00 00:00:00', 1, '0000-00-00 00:00:00', 0, 0, NULL),
(419, 20, 2, 'strawberry shake', '114.00', 1, '0000-00-00 00:00:00', 1, '0000-00-00 00:00:00', 0, 0, NULL),
(420, 20, 2, 'chocolate shake', '114.00', 1, '0000-00-00 00:00:00', 1, '0000-00-00 00:00:00', 0, 0, NULL),
(421, 20, 2, 'orio milkshake', '124.00', 1, '0000-00-00 00:00:00', 1, '0000-00-00 00:00:00', 0, 0, NULL),
(422, 20, 2, 'coldcoffee', '105.00', 1, '0000-00-00 00:00:00', 1, '0000-00-00 00:00:00', 0, 0, NULL),
(423, 20, 2, 'coldcoffee with icecream', '124.00', 1, '0000-00-00 00:00:00', 1, '0000-00-00 00:00:00', 0, 0, NULL),
(424, 20, 2, 'mocha cold coffee ', '143.00', 1, '0000-00-00 00:00:00', 1, '0000-00-00 00:00:00', 0, 0, NULL),
(425, 20, 2, 'popcorn cold coffee', '143.00', 1, '0000-00-00 00:00:00', 1, '0000-00-00 00:00:00', 0, 0, NULL),
(426, 20, 2, 'hazelnut cold coffee', '143.00', 1, '0000-00-00 00:00:00', 1, '0000-00-00 00:00:00', 0, 0, NULL),
(427, 20, 2, 'mango cheesecake shake', '143.00', 1, '0000-00-00 00:00:00', 1, '0000-00-00 00:00:00', 0, 1, NULL),
(428, 20, 2, 'bubblegum shake', '143.00', 1, '0000-00-00 00:00:00', 1, '0000-00-00 00:00:00', 0, 0, NULL),
(429, 20, 2, 'tea ', '38.00', 1, '0000-00-00 00:00:00', 1, '0000-00-00 00:00:00', 0, 0, NULL),
(430, 20, 2, 'filter coffee', '57.00', 1, '0000-00-00 00:00:00', 1, '0000-00-00 00:00:00', 0, 0, NULL),
(431, 21, 2, 'thumsup', '29.00', 1, '0000-00-00 00:00:00', 1, '0000-00-00 00:00:00', 0, 1, NULL),
(432, 21, 2, 'coke', '29.00', 1, '0000-00-00 00:00:00', 1, '0000-00-00 00:00:00', 0, 0, NULL),
(433, 21, 2, 'limca', '29.00', 1, '0000-00-00 00:00:00', 1, '0000-00-00 00:00:00', 0, 0, NULL),
(434, 21, 2, 'fanta', '29.00', 1, '0000-00-00 00:00:00', 1, '0000-00-00 00:00:00', 0, 0, NULL),
(435, 21, 2, 'sprite', '29.00', 1, '0000-00-00 00:00:00', 1, '0000-00-00 00:00:00', 0, 0, NULL),
(436, 21, 2, 'mazza', '29.00', 1, '0000-00-00 00:00:00', 1, '0000-00-00 00:00:00', 0, 0, NULL),
(437, 22, 2, 'mineral water', '19.00', 0, '0000-00-00 00:00:00', 1, '0000-00-00 00:00:00', 0, 1, NULL),
(438, 22, 2, 'fresh lime water', '47.00', 1, '0000-00-00 00:00:00', 1, '0000-00-00 00:00:00', 0, 0, NULL),
(439, 23, 2, 'dahi wada', '133.00', 1, '0000-00-00 00:00:00', 1, '0000-00-00 00:00:00', 0, 0, NULL),
(440, 23, 2, 'butter milk', '47.00', 1, '0000-00-00 00:00:00', 1, '0000-00-00 00:00:00', 0, 0, NULL),
(441, 23, 2, 'lassi', '57.00', 1, '0000-00-00 00:00:00', 1, '0000-00-00 00:00:00', 0, 0, NULL),
(442, 1, 2, 'garlic roast dosa', '133.00', 1, '0000-00-00 00:00:00', 1, '0000-00-00 00:00:00', 0, 1, NULL),
(443, 1, 2, 'salsa lite DOSA', '152.00', 1, '0000-00-00 00:00:00', 1, '0000-00-00 00:00:00', 0, 1, NULL),
(444, 1, 2, 'mexican roast DOSA', '152.00', 1, '0000-00-00 00:00:00', 1, '0000-00-00 00:00:00', 0, 1, NULL),
(445, 1, 2, 'rocket mysore DOSA', '105.00', 1, '0000-00-00 00:00:00', 1, '0000-00-00 00:00:00', 0, 1, NULL),
(446, 1, 2, 'sada dosa', '86.00', 1, '0000-00-00 00:00:00', 1, '0000-00-00 00:00:00', 0, 1, NULL),
(447, 1, 2, 'onion sada', '105.00', 1, '0000-00-00 00:00:00', 1, '0000-00-00 00:00:00', 0, 1, NULL),
(448, 2, 2, 'prem masala DOSA', '152.00', 1, '0000-00-00 00:00:00', 1, '0000-00-00 00:00:00', 0, 1, NULL),
(449, 2, 2, 'mysore masala DOSA', '133.00', 1, '0000-00-00 00:00:00', 1, '0000-00-00 00:00:00', 0, 1, NULL),
(450, 2, 2, 'harabhara masala DOSA', '152.00', 1, '0000-00-00 00:00:00', 1, '0000-00-00 00:00:00', 0, 1, NULL),
(451, 2, 2, 'maharaja masala DOSA', '152.00', 1, '0000-00-00 00:00:00', 1, '0000-00-00 00:00:00', 0, 1, NULL),
(452, 2, 2, 'masala DOSA', '105.00', 1, '0000-00-00 00:00:00', 1, '0000-00-00 00:00:00', 0, 1, NULL),
(453, 2, 2, 'navratna masala DOSA', '152.00', 1, '0000-00-00 00:00:00', 1, '0000-00-00 00:00:00', 0, 1, NULL),
(454, 2, 2, 'onion masala DOSA', '124.00', 1, '0000-00-00 00:00:00', 1, '0000-00-00 00:00:00', 0, 1, NULL),
(455, 3, 2, 'paneer schezwan DOSA', '229.00', 1, '0000-00-00 00:00:00', 1, '0000-00-00 00:00:00', 0, 1, NULL),
(456, 3, 2, 'paneer crispy DOSA', '267.00', 1, '0000-00-00 00:00:00', 1, '0000-00-00 00:00:00', 0, 0, NULL),
(457, 3, 2, 'paneer chilly DOSA', '209.00', 1, '0000-00-00 00:00:00', 1, '0000-00-00 00:00:00', 0, 1, NULL),
(458, 3, 2, 'paneer american delight DOSA', '267.00', 1, '0000-00-00 00:00:00', 1, '0000-00-00 00:00:00', 0, 0, NULL),
(459, 3, 2, 'paneer spring roll DOSA', '209.00', 1, '0000-00-00 00:00:00', 1, '0000-00-00 00:00:00', 0, 0, NULL),
(460, 3, 2, 'paneer chinese delight DOSA', '219.00', 1, '0000-00-00 00:00:00', 1, '0000-00-00 00:00:00', 0, 0, NULL),
(461, 3, 2, 'paneer american chopsuey DOSA', '200.00', 1, '0000-00-00 00:00:00', 1, '0000-00-00 00:00:00', 0, 1, NULL),
(462, 3, 2, 'paneer salad roast DOSA', '257.00', 1, '0000-00-00 00:00:00', 1, '0000-00-00 00:00:00', 0, 0, NULL),
(463, 24, 2, 'SPICY VEGGIE', '190.00', 1, '0000-00-00 00:00:00', 1, '0000-00-00 00:00:00', 0, 0, NULL),
(464, 24, 2, 'TABASCO PIZZA', '190.00', 1, '0000-00-00 00:00:00', 1, '0000-00-00 00:00:00', 0, 0, NULL),
(465, 24, 2, 'FIERY PERI PERI', '257.00', 1, '0000-00-00 00:00:00', 1, '0000-00-00 00:00:00', 0, 0, NULL),
(466, 24, 2, 'ANGRY PANEER', '257.00', 1, '0000-00-00 00:00:00', 1, '0000-00-00 00:00:00', 0, 0, NULL),
(467, 24, 2, 'MARGHERITA WITH BASIL', '171.00', 1, '0000-00-00 00:00:00', 1, '0000-00-00 00:00:00', 0, 1, NULL),
(468, 24, 2, 'TANDOORI PANEER', '219.00', 1, '0000-00-00 00:00:00', 1, '0000-00-00 00:00:00', 0, 0, NULL),
(469, 24, 2, 'MUSHROOMS AND OLIVES', '219.00', 1, '0000-00-00 00:00:00', 1, '0000-00-00 00:00:00', 0, 1, NULL),
(470, 24, 2, 'GRILLED ZUCCHINI', '229.00', 1, '0000-00-00 00:00:00', 1, '0000-00-00 00:00:00', 0, 0, NULL),
(471, 24, 2, 'SICILIAN', '285.00', 1, '0000-00-00 00:00:00', 1, '0000-00-00 00:00:00', 0, 0, NULL),
(472, 24, 2, 'SUN KISSED', '248.00', 1, '0000-00-00 00:00:00', 1, '0000-00-00 00:00:00', 0, 0, NULL),
(473, 24, 2, 'VEG GARDEN', '257.00', 1, '0000-00-00 00:00:00', 1, '0000-00-00 00:00:00', 0, 0, NULL);
INSERT INTO `items` (`id`, `item_sub_category_id`, `tax_id`, `name`, `rate`, `discount_applicable`, `created_on`, `created_by`, `edited_on`, `is_deleted`, `is_favorite`, `color`) VALUES
(474, 24, 2, 'CHEESE BLAST', '295.00', 1, '0000-00-00 00:00:00', 1, '0000-00-00 00:00:00', 0, 0, NULL),
(475, 24, 2, 'LATINO GARDEN', '295.00', 1, '0000-00-00 00:00:00', 1, '0000-00-00 00:00:00', 0, 0, NULL),
(476, 24, 2, 'BABYCORNS AND JALAPENO', '219.00', 1, '0000-00-00 00:00:00', 1, '0000-00-00 00:00:00', 0, 0, NULL),
(477, 24, 2, 'VEGGIE CLASSIC', '133.00', 1, '0000-00-00 00:00:00', 1, '0000-00-00 00:00:00', 0, 0, NULL),
(478, 24, 2, 'VEGGIE MAMBA', '181.00', 1, '0000-00-00 00:00:00', 1, '0000-00-00 00:00:00', 0, 1, NULL),
(479, 4, 2, 'tom chi DOSA', '209.00', 1, '0000-00-00 00:00:00', 1, '0000-00-00 00:00:00', 0, 0, NULL),
(480, 4, 2, 'american delight DOSA', '238.00', 1, '0000-00-00 00:00:00', 1, '0000-00-00 00:00:00', 0, 0, NULL),
(481, 4, 2, 'mexi roll DOSA', '248.00', 1, '0000-00-00 00:00:00', 1, '0000-00-00 00:00:00', 0, 1, NULL),
(482, 4, 2, 'spring roll DOSA', '171.00', 1, '0000-00-00 00:00:00', 1, '0000-00-00 00:00:00', 0, 0, NULL),
(483, 4, 2, 'salad roast DOSA', '229.00', 1, '0000-00-00 00:00:00', 1, '0000-00-00 00:00:00', 0, 1, NULL),
(484, 5, 2, 'schezwan DOSA', '200.00', 1, '0000-00-00 00:00:00', 1, '0000-00-00 00:00:00', 0, 1, NULL),
(485, 5, 2, 'mushroom schezwan DOSA', '229.00', 1, '0000-00-00 00:00:00', 1, '0000-00-00 00:00:00', 0, 0, NULL),
(486, 5, 2, 'american chopsuey DOSA', '171.00', 1, '0000-00-00 00:00:00', 1, '0000-00-00 00:00:00', 0, 1, NULL),
(487, 5, 2, 'salsa noodles DOSA', '190.00', 1, '0000-00-00 00:00:00', 1, '0000-00-00 00:00:00', 0, 0, NULL),
(488, 5, 2, 'sizz lee noodles DOSA', '190.00', 1, '0000-00-00 00:00:00', 1, '0000-00-00 00:00:00', 0, 1, NULL),
(489, 5, 2, 'mushroom chopsuey DOSA', '209.00', 1, '0000-00-00 00:00:00', 1, '0000-00-00 00:00:00', 0, 1, NULL),
(490, 5, 2, 'chinese delight DOSA', '181.00', 1, '0000-00-00 00:00:00', 1, '0000-00-00 00:00:00', 0, 0, NULL),
(491, 6, 2, 'tom chi uttapam', '162.00', 1, '0000-00-00 00:00:00', 1, '0000-00-00 00:00:00', 0, 0, NULL),
(492, 6, 2, 'onion delight UTTAPAM', '162.00', 1, '0000-00-00 00:00:00', 1, '0000-00-00 00:00:00', 0, 1, NULL),
(493, 6, 2, 'hot garlic mexican  UTTAPAM', '162.00', 1, '0000-00-00 00:00:00', 1, '0000-00-00 00:00:00', 0, 0, NULL),
(494, 6, 2, 'chilly delight UTTAPAM', '162.00', 1, '0000-00-00 00:00:00', 1, '0000-00-00 00:00:00', 0, 1, NULL),
(495, 6, 2, 'spl prem UTTAPAM', '171.00', 1, '0000-00-00 00:00:00', 1, '0000-00-00 00:00:00', 0, 1, NULL),
(496, 6, 2, 'spl spicy UTTAPAM', '181.00', 1, '0000-00-00 00:00:00', 1, '0000-00-00 00:00:00', 0, 0, NULL),
(497, 6, 2, 'spl paneer spicy UTTAPAM', '219.00', 1, '0000-00-00 00:00:00', 1, '0000-00-00 00:00:00', 0, 0, NULL),
(498, 6, 2, 'sandwich UTTAPAM', '200.00', 1, '0000-00-00 00:00:00', 1, '0000-00-00 00:00:00', 0, 0, NULL),
(499, 7, 2, 'mysore UTTAPAM', '152.00', 1, '0000-00-00 00:00:00', 1, '0000-00-00 00:00:00', 0, 1, NULL),
(500, 7, 2, 'mix veg UTTAPAM', '171.00', 1, '0000-00-00 00:00:00', 1, '0000-00-00 00:00:00', 0, 0, NULL),
(501, 7, 2, 'plain uttapam', '85.00', 1, '0000-00-00 00:00:00', 1, '0000-00-00 00:00:00', 0, 0, NULL),
(502, 7, 2, 'mini uttapam', '105.00', 1, '0000-00-00 00:00:00', 1, '0000-00-00 00:00:00', 0, 1, NULL),
(503, 7, 2, 'onion uttapam', '133.00', 1, '0000-00-00 00:00:00', 1, '0000-00-00 00:00:00', 0, 1, NULL),
(504, 7, 2, 'tomato uttapam', '133.00', 1, '0000-00-00 00:00:00', 1, '0000-00-00 00:00:00', 0, 0, NULL),
(505, 7, 2, 'onion tomato uttapam', '162.00', 1, '0000-00-00 00:00:00', 1, '0000-00-00 00:00:00', 0, 1, NULL),
(506, 8, 2, 'chetinaad Biryani', '238.00', 1, '0000-00-00 00:00:00', 1, '0000-00-00 00:00:00', 0, 0, NULL),
(507, 8, 2, 'samber rice', '162.00', 1, '0000-00-00 00:00:00', 1, '0000-00-00 00:00:00', 0, 0, NULL),
(508, 8, 2, 'tamrind rice ( imli rice )', '171.00', 1, '0000-00-00 00:00:00', 1, '0000-00-00 00:00:00', 0, 0, NULL),
(509, 8, 2, 'tomato rice', '171.00', 1, '0000-00-00 00:00:00', 1, '0000-00-00 00:00:00', 0, 0, NULL),
(510, 8, 2, 'lemon rice', '171.00', 1, '0000-00-00 00:00:00', 1, '0000-00-00 00:00:00', 0, 0, NULL),
(511, 8, 2, 'dahi ( curd ) rice', '171.00', 1, '0000-00-00 00:00:00', 1, '0000-00-00 00:00:00', 0, 1, NULL),
(512, 9, 2, 'chennai idli 8 pcs', '95.00', 1, '0000-00-00 00:00:00', 1, '0000-00-00 00:00:00', 0, 0, NULL),
(513, 9, 2, 'spl mini idli  12 pce', '114.00', 1, '0000-00-00 00:00:00', 1, '0000-00-00 00:00:00', 0, 0, NULL),
(514, 9, 2, '14 ghee idli   14 pcs', '133.00', 1, '0000-00-00 00:00:00', 1, '0000-00-00 00:00:00', 0, 0, NULL),
(515, 9, 2, 'rasam idli     8 pcs', '104.00', 1, '0000-00-00 00:00:00', 1, '0000-00-00 00:00:00', 0, 0, NULL),
(516, 9, 2, 'butter idli     12 pcs', '124.00', 1, '0000-00-00 00:00:00', 1, '0000-00-00 00:00:00', 0, 0, NULL),
(517, 10, 2, 'idli manchurian', '171.00', 1, '0000-00-00 00:00:00', 1, '0000-00-00 00:00:00', 0, 1, NULL),
(518, 10, 2, 'idli cheese manchurian', '190.00', 1, '0000-00-00 00:00:00', 1, '0000-00-00 00:00:00', 0, 0, NULL),
(519, 10, 2, 'idli cheese schezwan', '190.00', 1, '0000-00-00 00:00:00', 1, '0000-00-00 00:00:00', 0, 0, NULL),
(520, 11, 2, 'medu wada 2 pcs', '114.00', 1, '0000-00-00 00:00:00', 1, '0000-00-00 00:00:00', 0, 0, NULL),
(521, 11, 2, 'mini medu wada 6 pcs', '124.00', 1, '0000-00-00 00:00:00', 1, '0000-00-00 00:00:00', 0, 0, NULL),
(522, 11, 2, 'rasam wada 4 pcs', '114.00', 1, '0000-00-00 00:00:00', 1, '0000-00-00 00:00:00', 0, 0, NULL),
(523, 11, 2, 'mysore wada 4 pcs', '133.00', 1, '0000-00-00 00:00:00', 1, '0000-00-00 00:00:00', 0, 0, NULL),
(524, 11, 2, 'samber wada 4 pcs', '114.00', 1, '0000-00-00 00:00:00', 1, '0000-00-00 00:00:00', 0, 0, NULL),
(525, 12, 2, 'butter pav bhaji', '114.00', 1, '0000-00-00 00:00:00', 1, '0000-00-00 00:00:00', 0, 0, NULL),
(526, 12, 2, 'cheese pav bhaji', '143.00', 1, '0000-00-00 00:00:00', 1, '0000-00-00 00:00:00', 0, 0, NULL),
(527, 12, 2, 'extra pav', '29.00', 1, '0000-00-00 00:00:00', 1, '0000-00-00 00:00:00', 0, 0, NULL),
(528, 12, 2, 'cheese masala pav', '57.00', 1, '0000-00-00 00:00:00', 1, '0000-00-00 00:00:00', 0, 0, NULL),
(529, 13, 2, 'tomato soup', '105.00', 1, '0000-00-00 00:00:00', 1, '0000-00-00 00:00:00', 0, 0, NULL),
(530, 13, 2, 'veg clear soup', '105.00', 1, '0000-00-00 00:00:00', 1, '0000-00-00 00:00:00', 0, 0, NULL),
(531, 13, 2, 'sweet corn soup', '105.00', 1, '0000-00-00 00:00:00', 1, '0000-00-00 00:00:00', 0, 1, NULL),
(532, 13, 2, 'manchow soup', '105.00', 1, '0000-00-00 00:00:00', 1, '0000-00-00 00:00:00', 0, 0, NULL),
(533, 13, 2, 'hot n sour soup', '105.00', 1, '0000-00-00 00:00:00', 1, '0000-00-00 00:00:00', 0, 0, NULL),
(534, 14, 2, 'french fries', '95.00', 1, '0000-00-00 00:00:00', 1, '0000-00-00 00:00:00', 0, 0, NULL),
(535, 14, 2, 'chinese bhel', '143.00', 1, '0000-00-00 00:00:00', 1, '0000-00-00 00:00:00', 0, 0, NULL),
(536, 14, 2, 'aloo 65', '152.00', 1, '0000-00-00 00:00:00', 1, '0000-00-00 00:00:00', 0, 0, NULL),
(537, 14, 2, 'crispy fried baby corn', '162.00', 1, '0000-00-00 00:00:00', 1, '0000-00-00 00:00:00', 0, 0, NULL),
(538, 14, 2, 'veg spring roll', '162.00', 1, '0000-00-00 00:00:00', 1, '0000-00-00 00:00:00', 0, 0, NULL),
(539, 14, 2, 'veg manchurian dry', '162.00', 1, '0000-00-00 00:00:00', 1, '0000-00-00 00:00:00', 0, 0, NULL),
(540, 14, 2, 'veg crispy', '162.00', 1, '0000-00-00 00:00:00', 1, '0000-00-00 00:00:00', 0, 0, NULL),
(541, 14, 2, 'honey chilli patato', '190.00', 1, '0000-00-00 00:00:00', 1, '0000-00-00 00:00:00', 0, 0, NULL),
(542, 14, 2, 'veg manchurian gravy', '181.00', 1, '0000-00-00 00:00:00', 1, '0000-00-00 00:00:00', 0, 0, NULL),
(543, 14, 2, 'veg manchurian gravy', '181.00', 1, '0000-00-00 00:00:00', 1, '0000-00-00 00:00:00', 0, 0, NULL),
(544, 15, 2, 'paneer 65', '190.00', 1, '0000-00-00 00:00:00', 1, '0000-00-00 00:00:00', 0, 0, NULL),
(545, 15, 2, 'panee chilly dry', '181.00', 1, '0000-00-00 00:00:00', 1, '0000-00-00 00:00:00', 0, 0, NULL),
(546, 15, 2, 'thread paneer', '210.00', 1, '0000-00-00 00:00:00', 1, '0000-00-00 00:00:00', 0, 0, NULL),
(547, 15, 2, 'paneer chilli gravy', '200.00', 1, '0000-00-00 00:00:00', 1, '0000-00-00 00:00:00', 0, 1, NULL),
(548, 15, 2, 'paneer hot garlic gravy', '200.00', 1, '0000-00-00 00:00:00', 1, '0000-00-00 00:00:00', 0, 0, NULL),
(549, 16, 2, 'veg hakka noodles', '152.00', 1, '0000-00-00 00:00:00', 1, '0000-00-00 00:00:00', 0, 0, NULL),
(550, 16, 2, 'tom chi noodles', '162.00', 1, '0000-00-00 00:00:00', 1, '0000-00-00 00:00:00', 0, 0, NULL),
(551, 16, 2, 'chilly garlic noodles', '171.00', 1, '0000-00-00 00:00:00', 1, '0000-00-00 00:00:00', 0, 0, NULL),
(552, 16, 2, 'veg schezwan noodles', '181.00', 1, '0000-00-00 00:00:00', 1, '0000-00-00 00:00:00', 0, 0, NULL),
(553, 16, 2, 'veg chinese chopsuey', '190.00', 1, '0000-00-00 00:00:00', 1, '0000-00-00 00:00:00', 0, 0, NULL),
(554, 17, 2, 'veg triple schezwan fried rice', '219.00', 1, '0000-00-00 00:00:00', 1, '0000-00-00 00:00:00', 0, 0, NULL),
(555, 17, 2, 'schezwan fried rice', '181.00', 1, '0000-00-00 00:00:00', 1, '0000-00-00 00:00:00', 0, 0, NULL),
(556, 17, 2, 'veg fried rice', '162.00', 1, '0000-00-00 00:00:00', 1, '0000-00-00 00:00:00', 0, 0, NULL),
(557, 17, 2, 'mushroom fried rice', '200.00', 1, '0000-00-00 00:00:00', 1, '0000-00-00 00:00:00', 0, 0, NULL),
(558, 18, 2, 'schezwan sizzler', '333.00', 1, '0000-00-00 00:00:00', 1, '0000-00-00 00:00:00', 0, 0, NULL),
(559, 18, 2, 'veg sizzler', '295.00', 1, '0000-00-00 00:00:00', 1, '0000-00-00 00:00:00', 0, 0, NULL),
(560, 19, 2, 'mojito', '181.00', 1, '0000-00-00 00:00:00', 1, '0000-00-00 00:00:00', 0, 0, NULL),
(561, 19, 2, 'lemoni', '143.00', 1, '0000-00-00 00:00:00', 1, '0000-00-00 00:00:00', 0, 0, NULL),
(562, 19, 2, 'cool sky', '143.00', 1, '0000-00-00 00:00:00', 1, '0000-00-00 00:00:00', 0, 0, NULL),
(563, 19, 2, 'irish bery', '143.00', 1, '0000-00-00 00:00:00', 1, '0000-00-00 00:00:00', 0, 0, NULL),
(564, 19, 2, 'fresh lime soda', '67.00', 1, '0000-00-00 00:00:00', 1, '0000-00-00 00:00:00', 0, 0, NULL),
(565, 20, 2, 'vanilla shake', '105.00', 1, '0000-00-00 00:00:00', 1, '0000-00-00 00:00:00', 0, 0, NULL),
(566, 20, 2, 'strawberry shake', '114.00', 1, '0000-00-00 00:00:00', 1, '0000-00-00 00:00:00', 0, 0, NULL),
(567, 20, 2, 'chocolate shake', '114.00', 1, '0000-00-00 00:00:00', 1, '0000-00-00 00:00:00', 0, 0, NULL),
(568, 20, 2, 'orio milkshake', '124.00', 1, '0000-00-00 00:00:00', 1, '0000-00-00 00:00:00', 0, 0, NULL),
(569, 20, 2, 'coldcoffee', '105.00', 1, '0000-00-00 00:00:00', 1, '0000-00-00 00:00:00', 0, 0, NULL),
(570, 20, 2, 'coldcoffee with icecream', '124.00', 1, '0000-00-00 00:00:00', 1, '0000-00-00 00:00:00', 0, 0, NULL),
(571, 20, 2, 'mocha cold coffee ', '143.00', 1, '0000-00-00 00:00:00', 1, '0000-00-00 00:00:00', 0, 0, NULL),
(572, 20, 2, 'popcorn cold coffee', '143.00', 1, '0000-00-00 00:00:00', 1, '0000-00-00 00:00:00', 0, 0, NULL),
(573, 20, 2, 'hazelnut cold coffee', '143.00', 1, '0000-00-00 00:00:00', 1, '0000-00-00 00:00:00', 0, 0, NULL),
(574, 20, 2, 'mango cheesecake shake', '143.00', 1, '0000-00-00 00:00:00', 1, '0000-00-00 00:00:00', 0, 1, NULL),
(575, 20, 2, 'bubblegum shake', '143.00', 1, '0000-00-00 00:00:00', 1, '0000-00-00 00:00:00', 0, 0, NULL),
(576, 20, 2, 'tea ', '38.00', 1, '0000-00-00 00:00:00', 1, '0000-00-00 00:00:00', 0, 0, NULL),
(577, 20, 2, 'filter coffee', '57.00', 1, '0000-00-00 00:00:00', 1, '0000-00-00 00:00:00', 0, 0, NULL),
(578, 21, 2, 'thumsup', '29.00', 1, '0000-00-00 00:00:00', 1, '0000-00-00 00:00:00', 0, 1, NULL),
(579, 21, 2, 'coke', '29.00', 1, '0000-00-00 00:00:00', 1, '0000-00-00 00:00:00', 0, 0, NULL),
(580, 21, 2, 'limca', '29.00', 1, '0000-00-00 00:00:00', 1, '0000-00-00 00:00:00', 0, 0, NULL),
(581, 21, 2, 'fanta', '29.00', 1, '0000-00-00 00:00:00', 1, '0000-00-00 00:00:00', 0, 0, NULL),
(582, 21, 2, 'sprite', '29.00', 1, '0000-00-00 00:00:00', 1, '0000-00-00 00:00:00', 0, 0, NULL),
(583, 21, 2, 'mazza', '29.00', 1, '0000-00-00 00:00:00', 1, '0000-00-00 00:00:00', 0, 0, NULL),
(584, 22, 2, 'mineral water', '19.00', 0, '0000-00-00 00:00:00', 1, '0000-00-00 00:00:00', 0, 1, NULL),
(585, 22, 2, 'fresh lime water', '47.00', 1, '0000-00-00 00:00:00', 1, '0000-00-00 00:00:00', 0, 0, NULL),
(586, 23, 2, 'dahi wada', '133.00', 1, '0000-00-00 00:00:00', 1, '0000-00-00 00:00:00', 0, 0, NULL),
(587, 23, 2, 'butter milk', '47.00', 1, '0000-00-00 00:00:00', 1, '0000-00-00 00:00:00', 0, 0, NULL),
(588, 23, 2, 'lassi', '57.00', 1, '0000-00-00 00:00:00', 1, '0000-00-00 00:00:00', 0, 0, NULL),
(589, 1, 2, 'garlic roast dosa', '133.00', 1, '0000-00-00 00:00:00', 1, '0000-00-00 00:00:00', 0, 1, NULL),
(590, 1, 2, 'salsa lite DOSA', '152.00', 1, '0000-00-00 00:00:00', 1, '0000-00-00 00:00:00', 0, 1, NULL),
(591, 1, 2, 'mexican roast DOSA', '152.00', 1, '0000-00-00 00:00:00', 1, '0000-00-00 00:00:00', 0, 1, NULL),
(592, 1, 2, 'rocket mysore DOSA', '105.00', 1, '0000-00-00 00:00:00', 1, '0000-00-00 00:00:00', 0, 1, NULL),
(593, 1, 2, 'sada dosa', '86.00', 1, '0000-00-00 00:00:00', 1, '0000-00-00 00:00:00', 0, 1, NULL),
(594, 1, 2, 'onion sada', '105.00', 1, '0000-00-00 00:00:00', 1, '0000-00-00 00:00:00', 0, 1, NULL),
(595, 2, 2, 'prem masala DOSA', '152.00', 1, '0000-00-00 00:00:00', 1, '0000-00-00 00:00:00', 0, 1, NULL),
(596, 2, 2, 'mysore masala DOSA', '133.00', 1, '0000-00-00 00:00:00', 1, '0000-00-00 00:00:00', 0, 1, NULL),
(597, 2, 2, 'harabhara masala DOSA', '152.00', 1, '0000-00-00 00:00:00', 1, '0000-00-00 00:00:00', 0, 1, NULL),
(598, 2, 2, 'maharaja masala DOSA', '152.00', 1, '0000-00-00 00:00:00', 1, '0000-00-00 00:00:00', 0, 1, NULL),
(599, 2, 2, 'masala DOSA', '105.00', 1, '0000-00-00 00:00:00', 1, '0000-00-00 00:00:00', 0, 1, NULL),
(600, 2, 2, 'navratna masala DOSA', '152.00', 1, '0000-00-00 00:00:00', 1, '0000-00-00 00:00:00', 0, 1, NULL),
(601, 2, 2, 'onion masala DOSA', '124.00', 1, '0000-00-00 00:00:00', 1, '0000-00-00 00:00:00', 0, 1, NULL),
(602, 3, 2, 'paneer schezwan DOSA', '229.00', 1, '0000-00-00 00:00:00', 1, '0000-00-00 00:00:00', 0, 1, NULL),
(603, 3, 2, 'paneer crispy DOSA', '267.00', 1, '0000-00-00 00:00:00', 1, '0000-00-00 00:00:00', 0, 0, NULL),
(604, 3, 2, 'paneer chilly DOSA', '209.00', 1, '0000-00-00 00:00:00', 1, '0000-00-00 00:00:00', 0, 1, NULL),
(605, 3, 2, 'paneer american delight DOSA', '267.00', 1, '0000-00-00 00:00:00', 1, '0000-00-00 00:00:00', 0, 0, NULL),
(606, 3, 2, 'paneer spring roll DOSA', '209.00', 1, '0000-00-00 00:00:00', 1, '0000-00-00 00:00:00', 0, 0, NULL),
(607, 3, 2, 'paneer chinese delight DOSA', '219.00', 1, '0000-00-00 00:00:00', 1, '0000-00-00 00:00:00', 0, 0, NULL),
(608, 3, 2, 'paneer american chopsuey DOSA', '200.00', 1, '0000-00-00 00:00:00', 1, '0000-00-00 00:00:00', 0, 1, NULL),
(609, 3, 2, 'paneer salad roast DOSA', '257.00', 1, '0000-00-00 00:00:00', 1, '0000-00-00 00:00:00', 0, 0, NULL),
(610, 24, 2, 'SPICY VEGGIE', '190.00', 1, '0000-00-00 00:00:00', 1, '0000-00-00 00:00:00', 0, 0, NULL),
(611, 24, 2, 'TABASCO PIZZA', '190.00', 1, '0000-00-00 00:00:00', 1, '0000-00-00 00:00:00', 0, 0, NULL),
(612, 24, 2, 'FIERY PERI PERI', '257.00', 1, '0000-00-00 00:00:00', 1, '0000-00-00 00:00:00', 0, 0, NULL),
(613, 24, 2, 'ANGRY PANEER', '257.00', 1, '0000-00-00 00:00:00', 1, '0000-00-00 00:00:00', 0, 0, NULL),
(614, 24, 2, 'MARGHERITA WITH BASIL', '171.00', 1, '0000-00-00 00:00:00', 1, '0000-00-00 00:00:00', 0, 1, NULL),
(615, 24, 2, 'TANDOORI PANEER', '219.00', 1, '0000-00-00 00:00:00', 1, '0000-00-00 00:00:00', 0, 0, NULL),
(616, 24, 2, 'MUSHROOMS AND OLIVES', '219.00', 1, '0000-00-00 00:00:00', 1, '0000-00-00 00:00:00', 0, 1, NULL),
(617, 24, 2, 'GRILLED ZUCCHINI', '229.00', 1, '0000-00-00 00:00:00', 1, '0000-00-00 00:00:00', 0, 0, NULL),
(618, 24, 2, 'SICILIAN', '285.00', 1, '0000-00-00 00:00:00', 1, '0000-00-00 00:00:00', 0, 0, NULL),
(619, 24, 2, 'SUN KISSED', '248.00', 1, '0000-00-00 00:00:00', 1, '0000-00-00 00:00:00', 0, 0, NULL),
(620, 24, 2, 'VEG GARDEN', '257.00', 1, '0000-00-00 00:00:00', 1, '0000-00-00 00:00:00', 0, 0, NULL),
(621, 24, 2, 'CHEESE BLAST', '295.00', 1, '0000-00-00 00:00:00', 1, '0000-00-00 00:00:00', 0, 0, NULL),
(622, 24, 2, 'LATINO GARDEN', '295.00', 1, '0000-00-00 00:00:00', 1, '0000-00-00 00:00:00', 0, 0, NULL),
(623, 24, 2, 'BABYCORNS AND JALAPENO', '219.00', 1, '0000-00-00 00:00:00', 1, '0000-00-00 00:00:00', 0, 0, NULL),
(624, 24, 2, 'VEGGIE CLASSIC', '133.00', 1, '0000-00-00 00:00:00', 1, '0000-00-00 00:00:00', 0, 0, NULL),
(625, 24, 2, 'VEGGIE MAMBA', '181.00', 1, '0000-00-00 00:00:00', 1, '0000-00-00 00:00:00', 0, 1, NULL),
(626, 4, 2, 'tom chi DOSA', '209.00', 1, '0000-00-00 00:00:00', 1, '0000-00-00 00:00:00', 0, 0, NULL),
(627, 4, 2, 'american delight DOSA', '238.00', 1, '0000-00-00 00:00:00', 1, '0000-00-00 00:00:00', 0, 0, NULL),
(628, 4, 2, 'mexi roll DOSA', '248.00', 1, '0000-00-00 00:00:00', 1, '0000-00-00 00:00:00', 0, 1, NULL),
(629, 4, 2, 'spring roll DOSA', '171.00', 1, '0000-00-00 00:00:00', 1, '0000-00-00 00:00:00', 0, 0, NULL),
(630, 4, 2, 'salad roast DOSA', '229.00', 1, '0000-00-00 00:00:00', 1, '0000-00-00 00:00:00', 0, 1, NULL),
(631, 5, 2, 'schezwan DOSA', '200.00', 1, '0000-00-00 00:00:00', 1, '0000-00-00 00:00:00', 0, 1, NULL),
(632, 5, 2, 'mushroom schezwan DOSA', '229.00', 1, '0000-00-00 00:00:00', 1, '0000-00-00 00:00:00', 0, 0, NULL),
(633, 5, 2, 'american chopsuey DOSA', '171.00', 1, '0000-00-00 00:00:00', 1, '0000-00-00 00:00:00', 0, 1, NULL),
(634, 5, 2, 'salsa noodles DOSA', '190.00', 1, '0000-00-00 00:00:00', 1, '0000-00-00 00:00:00', 0, 0, NULL),
(635, 5, 2, 'sizz lee noodles DOSA', '190.00', 1, '0000-00-00 00:00:00', 1, '0000-00-00 00:00:00', 0, 1, NULL),
(636, 5, 2, 'mushroom chopsuey DOSA', '209.00', 1, '0000-00-00 00:00:00', 1, '0000-00-00 00:00:00', 0, 1, NULL),
(637, 5, 2, 'chinese delight DOSA', '181.00', 1, '0000-00-00 00:00:00', 1, '0000-00-00 00:00:00', 0, 0, NULL),
(638, 6, 2, 'tom chi uttapam', '162.00', 1, '0000-00-00 00:00:00', 1, '0000-00-00 00:00:00', 0, 0, NULL),
(639, 6, 2, 'onion delight UTTAPAM', '162.00', 1, '0000-00-00 00:00:00', 1, '0000-00-00 00:00:00', 0, 1, NULL),
(640, 6, 2, 'hot garlic mexican  UTTAPAM', '162.00', 1, '0000-00-00 00:00:00', 1, '0000-00-00 00:00:00', 0, 0, NULL),
(641, 6, 2, 'chilly delight UTTAPAM', '162.00', 1, '0000-00-00 00:00:00', 1, '0000-00-00 00:00:00', 0, 1, NULL),
(642, 6, 2, 'spl prem UTTAPAM', '171.00', 1, '0000-00-00 00:00:00', 1, '0000-00-00 00:00:00', 0, 1, NULL),
(643, 6, 2, 'spl spicy UTTAPAM', '181.00', 1, '0000-00-00 00:00:00', 1, '0000-00-00 00:00:00', 0, 0, NULL),
(644, 6, 2, 'spl paneer spicy UTTAPAM', '219.00', 1, '0000-00-00 00:00:00', 1, '0000-00-00 00:00:00', 0, 0, NULL),
(645, 6, 2, 'sandwich UTTAPAM', '200.00', 1, '0000-00-00 00:00:00', 1, '0000-00-00 00:00:00', 0, 0, NULL),
(646, 7, 2, 'mysore UTTAPAM', '152.00', 1, '0000-00-00 00:00:00', 1, '0000-00-00 00:00:00', 0, 1, NULL),
(647, 7, 2, 'mix veg UTTAPAM', '171.00', 1, '0000-00-00 00:00:00', 1, '0000-00-00 00:00:00', 0, 0, NULL),
(648, 7, 2, 'plain uttapam', '85.00', 1, '0000-00-00 00:00:00', 1, '0000-00-00 00:00:00', 0, 0, NULL),
(649, 7, 2, 'mini uttapam', '105.00', 1, '0000-00-00 00:00:00', 1, '0000-00-00 00:00:00', 0, 1, NULL),
(650, 7, 2, 'onion uttapam', '133.00', 1, '0000-00-00 00:00:00', 1, '0000-00-00 00:00:00', 0, 1, NULL),
(651, 7, 2, 'tomato uttapam', '133.00', 1, '0000-00-00 00:00:00', 1, '0000-00-00 00:00:00', 0, 0, NULL),
(652, 7, 2, 'onion tomato uttapam', '162.00', 1, '0000-00-00 00:00:00', 1, '0000-00-00 00:00:00', 0, 1, NULL),
(653, 8, 2, 'chetinaad Biryani', '238.00', 1, '0000-00-00 00:00:00', 1, '0000-00-00 00:00:00', 0, 0, NULL),
(654, 8, 2, 'samber rice', '162.00', 1, '0000-00-00 00:00:00', 1, '0000-00-00 00:00:00', 0, 0, NULL),
(655, 8, 2, 'tamrind rice ( imli rice )', '171.00', 1, '0000-00-00 00:00:00', 1, '0000-00-00 00:00:00', 0, 0, NULL),
(656, 8, 2, 'tomato rice', '171.00', 1, '0000-00-00 00:00:00', 1, '0000-00-00 00:00:00', 0, 0, NULL),
(657, 8, 2, 'lemon rice', '171.00', 1, '0000-00-00 00:00:00', 1, '0000-00-00 00:00:00', 0, 0, NULL),
(658, 8, 2, 'dahi ( curd ) rice', '171.00', 1, '0000-00-00 00:00:00', 1, '0000-00-00 00:00:00', 0, 1, NULL),
(659, 9, 2, 'chennai idli 8 pcs', '95.00', 1, '0000-00-00 00:00:00', 1, '0000-00-00 00:00:00', 0, 0, NULL),
(660, 9, 2, 'spl mini idli  12 pce', '114.00', 1, '0000-00-00 00:00:00', 1, '0000-00-00 00:00:00', 0, 0, NULL),
(661, 9, 2, '14 ghee idli   14 pcs', '133.00', 1, '0000-00-00 00:00:00', 1, '0000-00-00 00:00:00', 0, 0, NULL),
(662, 9, 2, 'rasam idli     8 pcs', '104.00', 1, '0000-00-00 00:00:00', 1, '0000-00-00 00:00:00', 0, 0, NULL),
(663, 9, 2, 'butter idli     12 pcs', '124.00', 1, '0000-00-00 00:00:00', 1, '0000-00-00 00:00:00', 0, 0, NULL),
(664, 10, 2, 'idli manchurian', '171.00', 1, '0000-00-00 00:00:00', 1, '0000-00-00 00:00:00', 0, 1, NULL),
(665, 10, 2, 'idli cheese manchurian', '190.00', 1, '0000-00-00 00:00:00', 1, '0000-00-00 00:00:00', 0, 0, NULL),
(666, 10, 2, 'idli cheese schezwan', '190.00', 1, '0000-00-00 00:00:00', 1, '0000-00-00 00:00:00', 0, 0, NULL),
(667, 11, 2, 'medu wada 2 pcs', '114.00', 1, '0000-00-00 00:00:00', 1, '0000-00-00 00:00:00', 0, 0, NULL),
(668, 11, 2, 'mini medu wada 6 pcs', '124.00', 1, '0000-00-00 00:00:00', 1, '0000-00-00 00:00:00', 0, 0, NULL),
(669, 11, 2, 'rasam wada 4 pcs', '114.00', 1, '0000-00-00 00:00:00', 1, '0000-00-00 00:00:00', 0, 0, NULL),
(670, 11, 2, 'mysore wada 4 pcs', '133.00', 1, '0000-00-00 00:00:00', 1, '0000-00-00 00:00:00', 0, 0, NULL),
(671, 11, 2, 'samber wada 4 pcs', '114.00', 1, '0000-00-00 00:00:00', 1, '0000-00-00 00:00:00', 0, 0, NULL),
(672, 12, 2, 'butter pav bhaji', '114.00', 1, '0000-00-00 00:00:00', 1, '0000-00-00 00:00:00', 0, 0, NULL),
(673, 12, 2, 'cheese pav bhaji', '143.00', 1, '0000-00-00 00:00:00', 1, '0000-00-00 00:00:00', 0, 0, NULL),
(674, 12, 2, 'extra pav', '29.00', 1, '0000-00-00 00:00:00', 1, '0000-00-00 00:00:00', 0, 0, NULL),
(675, 12, 2, 'cheese masala pav', '57.00', 1, '0000-00-00 00:00:00', 1, '0000-00-00 00:00:00', 0, 0, NULL),
(676, 13, 2, 'tomato soup', '105.00', 1, '0000-00-00 00:00:00', 1, '0000-00-00 00:00:00', 0, 0, NULL),
(677, 13, 2, 'veg clear soup', '105.00', 1, '0000-00-00 00:00:00', 1, '0000-00-00 00:00:00', 0, 0, NULL),
(678, 13, 2, 'sweet corn soup', '105.00', 1, '0000-00-00 00:00:00', 1, '0000-00-00 00:00:00', 0, 1, NULL),
(679, 13, 2, 'manchow soup', '105.00', 1, '0000-00-00 00:00:00', 1, '0000-00-00 00:00:00', 0, 0, NULL),
(680, 13, 2, 'hot n sour soup', '105.00', 1, '0000-00-00 00:00:00', 1, '0000-00-00 00:00:00', 0, 0, NULL),
(681, 14, 2, 'french fries', '95.00', 1, '0000-00-00 00:00:00', 1, '0000-00-00 00:00:00', 0, 0, NULL),
(682, 14, 2, 'chinese bhel', '143.00', 1, '0000-00-00 00:00:00', 1, '0000-00-00 00:00:00', 0, 0, NULL),
(683, 14, 2, 'aloo 65', '152.00', 1, '0000-00-00 00:00:00', 1, '0000-00-00 00:00:00', 0, 0, NULL),
(684, 14, 2, 'crispy fried baby corn', '162.00', 1, '0000-00-00 00:00:00', 1, '0000-00-00 00:00:00', 0, 0, NULL),
(685, 14, 2, 'veg spring roll', '162.00', 1, '0000-00-00 00:00:00', 1, '0000-00-00 00:00:00', 0, 0, NULL),
(686, 14, 2, 'veg manchurian dry', '162.00', 1, '0000-00-00 00:00:00', 1, '0000-00-00 00:00:00', 0, 0, NULL),
(687, 14, 2, 'veg crispy', '162.00', 1, '0000-00-00 00:00:00', 1, '0000-00-00 00:00:00', 0, 0, NULL),
(688, 14, 2, 'honey chilli patato', '190.00', 1, '0000-00-00 00:00:00', 1, '0000-00-00 00:00:00', 0, 0, NULL),
(689, 14, 2, 'veg manchurian gravy', '181.00', 1, '0000-00-00 00:00:00', 1, '0000-00-00 00:00:00', 0, 0, NULL),
(690, 14, 2, 'veg manchurian gravy', '181.00', 1, '0000-00-00 00:00:00', 1, '0000-00-00 00:00:00', 0, 0, NULL),
(691, 15, 2, 'paneer 65', '190.00', 1, '0000-00-00 00:00:00', 1, '0000-00-00 00:00:00', 0, 0, NULL),
(692, 15, 2, 'panee chilly dry', '181.00', 1, '0000-00-00 00:00:00', 1, '0000-00-00 00:00:00', 0, 0, NULL),
(693, 15, 2, 'thread paneer', '210.00', 1, '0000-00-00 00:00:00', 1, '0000-00-00 00:00:00', 0, 0, NULL),
(694, 15, 2, 'paneer chilli gravy', '200.00', 1, '0000-00-00 00:00:00', 1, '0000-00-00 00:00:00', 0, 1, NULL),
(695, 15, 2, 'paneer hot garlic gravy', '200.00', 1, '0000-00-00 00:00:00', 1, '0000-00-00 00:00:00', 0, 0, NULL),
(696, 16, 2, 'veg hakka noodles', '152.00', 1, '0000-00-00 00:00:00', 1, '0000-00-00 00:00:00', 0, 0, NULL),
(697, 16, 2, 'tom chi noodles', '162.00', 1, '0000-00-00 00:00:00', 1, '0000-00-00 00:00:00', 0, 0, NULL),
(698, 16, 2, 'chilly garlic noodles', '171.00', 1, '0000-00-00 00:00:00', 1, '0000-00-00 00:00:00', 0, 0, NULL),
(699, 16, 2, 'veg schezwan noodles', '181.00', 1, '0000-00-00 00:00:00', 1, '0000-00-00 00:00:00', 0, 0, NULL),
(700, 16, 2, 'veg chinese chopsuey', '190.00', 1, '0000-00-00 00:00:00', 1, '0000-00-00 00:00:00', 0, 0, NULL),
(701, 17, 2, 'veg triple schezwan fried rice', '219.00', 1, '0000-00-00 00:00:00', 1, '0000-00-00 00:00:00', 0, 0, NULL),
(702, 17, 2, 'schezwan fried rice', '181.00', 1, '0000-00-00 00:00:00', 1, '0000-00-00 00:00:00', 0, 0, NULL),
(703, 17, 2, 'veg fried rice', '162.00', 1, '0000-00-00 00:00:00', 1, '0000-00-00 00:00:00', 0, 0, NULL),
(704, 17, 2, 'mushroom fried rice', '200.00', 1, '0000-00-00 00:00:00', 1, '0000-00-00 00:00:00', 0, 0, NULL),
(705, 18, 2, 'schezwan sizzler', '333.00', 1, '0000-00-00 00:00:00', 1, '0000-00-00 00:00:00', 0, 0, NULL),
(706, 18, 2, 'veg sizzler', '295.00', 1, '0000-00-00 00:00:00', 1, '0000-00-00 00:00:00', 0, 0, NULL),
(707, 19, 2, 'mojito', '181.00', 1, '0000-00-00 00:00:00', 1, '0000-00-00 00:00:00', 0, 0, NULL),
(708, 19, 2, 'lemoni', '143.00', 1, '0000-00-00 00:00:00', 1, '0000-00-00 00:00:00', 0, 0, NULL),
(709, 19, 2, 'cool sky', '143.00', 1, '0000-00-00 00:00:00', 1, '0000-00-00 00:00:00', 0, 0, NULL),
(710, 19, 2, 'irish bery', '143.00', 1, '0000-00-00 00:00:00', 1, '0000-00-00 00:00:00', 0, 0, NULL),
(711, 19, 2, 'fresh lime soda', '67.00', 1, '0000-00-00 00:00:00', 1, '0000-00-00 00:00:00', 0, 0, NULL),
(712, 20, 2, 'vanilla shake', '105.00', 1, '0000-00-00 00:00:00', 1, '0000-00-00 00:00:00', 0, 0, NULL),
(713, 20, 2, 'strawberry shake', '114.00', 1, '0000-00-00 00:00:00', 1, '0000-00-00 00:00:00', 0, 0, NULL),
(714, 20, 2, 'chocolate shake', '114.00', 1, '0000-00-00 00:00:00', 1, '0000-00-00 00:00:00', 0, 0, NULL),
(715, 20, 2, 'orio milkshake', '124.00', 1, '0000-00-00 00:00:00', 1, '0000-00-00 00:00:00', 0, 0, NULL),
(716, 20, 2, 'coldcoffee', '105.00', 1, '0000-00-00 00:00:00', 1, '0000-00-00 00:00:00', 0, 0, NULL),
(717, 20, 2, 'coldcoffee with icecream', '124.00', 1, '0000-00-00 00:00:00', 1, '0000-00-00 00:00:00', 0, 0, NULL),
(718, 20, 2, 'mocha cold coffee ', '143.00', 1, '0000-00-00 00:00:00', 1, '0000-00-00 00:00:00', 0, 0, NULL),
(719, 20, 2, 'popcorn cold coffee', '143.00', 1, '0000-00-00 00:00:00', 1, '0000-00-00 00:00:00', 0, 0, NULL),
(720, 20, 2, 'hazelnut cold coffee', '143.00', 1, '0000-00-00 00:00:00', 1, '0000-00-00 00:00:00', 0, 0, NULL),
(721, 20, 2, 'mango cheesecake shake', '143.00', 1, '0000-00-00 00:00:00', 1, '0000-00-00 00:00:00', 0, 1, NULL),
(722, 20, 2, 'bubblegum shake', '143.00', 1, '0000-00-00 00:00:00', 1, '0000-00-00 00:00:00', 0, 0, NULL),
(723, 20, 2, 'tea ', '38.00', 1, '0000-00-00 00:00:00', 1, '0000-00-00 00:00:00', 0, 0, NULL),
(724, 20, 2, 'filter coffee', '57.00', 1, '0000-00-00 00:00:00', 1, '0000-00-00 00:00:00', 0, 0, NULL),
(725, 21, 2, 'thumsup', '29.00', 1, '0000-00-00 00:00:00', 1, '0000-00-00 00:00:00', 0, 1, NULL),
(726, 21, 2, 'coke', '29.00', 1, '0000-00-00 00:00:00', 1, '0000-00-00 00:00:00', 0, 0, NULL),
(727, 21, 2, 'limca', '29.00', 1, '0000-00-00 00:00:00', 1, '0000-00-00 00:00:00', 0, 0, NULL),
(728, 21, 2, 'fanta', '29.00', 1, '0000-00-00 00:00:00', 1, '0000-00-00 00:00:00', 0, 0, NULL),
(729, 21, 2, 'sprite', '29.00', 1, '0000-00-00 00:00:00', 1, '0000-00-00 00:00:00', 0, 0, NULL),
(730, 21, 2, 'mazza', '29.00', 1, '0000-00-00 00:00:00', 1, '0000-00-00 00:00:00', 0, 0, NULL),
(731, 22, 2, 'mineral water', '19.00', 0, '0000-00-00 00:00:00', 1, '0000-00-00 00:00:00', 0, 1, NULL),
(732, 22, 2, 'fresh lime water', '47.00', 1, '0000-00-00 00:00:00', 1, '0000-00-00 00:00:00', 0, 0, NULL),
(733, 23, 2, 'dahi wada', '133.00', 1, '0000-00-00 00:00:00', 1, '0000-00-00 00:00:00', 0, 0, NULL),
(734, 23, 2, 'butter milk', '47.00', 1, '0000-00-00 00:00:00', 1, '0000-00-00 00:00:00', 0, 0, NULL),
(735, 23, 2, 'lassi', '57.00', 1, '0000-00-00 00:00:00', 1, '0000-00-00 00:00:00', 0, 0, NULL),
(736, 1, 2, 'garlic roast dosa', '133.00', 1, '0000-00-00 00:00:00', 1, '0000-00-00 00:00:00', 0, 1, NULL),
(737, 1, 2, 'salsa lite DOSA', '152.00', 1, '0000-00-00 00:00:00', 1, '0000-00-00 00:00:00', 0, 1, NULL),
(738, 1, 2, 'mexican roast DOSA', '152.00', 1, '0000-00-00 00:00:00', 1, '0000-00-00 00:00:00', 0, 1, NULL),
(739, 1, 2, 'rocket mysore DOSA', '105.00', 1, '0000-00-00 00:00:00', 1, '0000-00-00 00:00:00', 0, 1, NULL),
(740, 1, 2, 'sada dosa', '86.00', 1, '0000-00-00 00:00:00', 1, '0000-00-00 00:00:00', 0, 1, NULL),
(741, 1, 2, 'onion sada', '105.00', 1, '0000-00-00 00:00:00', 1, '0000-00-00 00:00:00', 0, 1, NULL),
(742, 2, 2, 'prem masala DOSA', '152.00', 1, '0000-00-00 00:00:00', 1, '0000-00-00 00:00:00', 0, 1, NULL),
(743, 2, 2, 'mysore masala DOSA', '133.00', 1, '0000-00-00 00:00:00', 1, '0000-00-00 00:00:00', 0, 1, NULL),
(744, 2, 2, 'harabhara masala DOSA', '152.00', 1, '0000-00-00 00:00:00', 1, '0000-00-00 00:00:00', 0, 1, NULL),
(745, 2, 2, 'maharaja masala DOSA', '152.00', 1, '0000-00-00 00:00:00', 1, '0000-00-00 00:00:00', 0, 1, NULL),
(746, 2, 2, 'masala DOSA', '105.00', 1, '0000-00-00 00:00:00', 1, '0000-00-00 00:00:00', 0, 1, NULL),
(747, 2, 2, 'navratna masala DOSA', '152.00', 1, '0000-00-00 00:00:00', 1, '0000-00-00 00:00:00', 0, 1, NULL),
(748, 2, 2, 'onion masala DOSA', '124.00', 1, '0000-00-00 00:00:00', 1, '0000-00-00 00:00:00', 0, 1, NULL),
(749, 3, 2, 'paneer schezwan DOSA', '229.00', 1, '0000-00-00 00:00:00', 1, '0000-00-00 00:00:00', 0, 1, NULL),
(750, 3, 2, 'paneer crispy DOSA', '267.00', 1, '0000-00-00 00:00:00', 1, '0000-00-00 00:00:00', 0, 0, NULL),
(751, 3, 2, 'paneer chilly DOSA', '209.00', 1, '0000-00-00 00:00:00', 1, '0000-00-00 00:00:00', 0, 1, NULL),
(752, 3, 2, 'paneer american delight DOSA', '267.00', 1, '0000-00-00 00:00:00', 1, '0000-00-00 00:00:00', 0, 0, NULL),
(753, 3, 2, 'paneer spring roll DOSA', '209.00', 1, '0000-00-00 00:00:00', 1, '0000-00-00 00:00:00', 0, 0, NULL),
(754, 3, 2, 'paneer chinese delight DOSA', '219.00', 1, '0000-00-00 00:00:00', 1, '0000-00-00 00:00:00', 0, 0, NULL),
(755, 3, 2, 'paneer american chopsuey DOSA', '200.00', 1, '0000-00-00 00:00:00', 1, '0000-00-00 00:00:00', 0, 1, NULL),
(756, 3, 2, 'paneer salad roast DOSA', '257.00', 1, '0000-00-00 00:00:00', 1, '0000-00-00 00:00:00', 0, 0, NULL),
(757, 24, 2, 'SPICY VEGGIE', '190.00', 1, '0000-00-00 00:00:00', 1, '0000-00-00 00:00:00', 0, 0, NULL),
(758, 24, 2, 'TABASCO PIZZA', '190.00', 1, '0000-00-00 00:00:00', 1, '0000-00-00 00:00:00', 0, 0, NULL),
(759, 24, 2, 'FIERY PERI PERI', '257.00', 1, '0000-00-00 00:00:00', 1, '0000-00-00 00:00:00', 0, 0, NULL),
(760, 24, 2, 'ANGRY PANEER', '257.00', 1, '0000-00-00 00:00:00', 1, '0000-00-00 00:00:00', 0, 0, NULL),
(761, 24, 2, 'MARGHERITA WITH BASIL', '171.00', 1, '0000-00-00 00:00:00', 1, '0000-00-00 00:00:00', 0, 1, NULL),
(762, 24, 2, 'TANDOORI PANEER', '219.00', 1, '0000-00-00 00:00:00', 1, '0000-00-00 00:00:00', 0, 0, NULL),
(763, 24, 2, 'MUSHROOMS AND OLIVES', '219.00', 1, '0000-00-00 00:00:00', 1, '0000-00-00 00:00:00', 0, 1, NULL),
(764, 24, 2, 'GRILLED ZUCCHINI', '229.00', 1, '0000-00-00 00:00:00', 1, '0000-00-00 00:00:00', 0, 0, NULL),
(765, 24, 2, 'SICILIAN', '285.00', 1, '0000-00-00 00:00:00', 1, '0000-00-00 00:00:00', 0, 0, NULL),
(766, 24, 2, 'SUN KISSED', '248.00', 1, '0000-00-00 00:00:00', 1, '0000-00-00 00:00:00', 0, 0, NULL),
(767, 24, 2, 'VEG GARDEN', '257.00', 1, '0000-00-00 00:00:00', 1, '0000-00-00 00:00:00', 0, 0, NULL),
(768, 24, 2, 'CHEESE BLAST', '295.00', 1, '0000-00-00 00:00:00', 1, '0000-00-00 00:00:00', 0, 0, NULL),
(769, 24, 2, 'LATINO GARDEN', '295.00', 1, '0000-00-00 00:00:00', 1, '0000-00-00 00:00:00', 0, 0, NULL),
(770, 24, 2, 'BABYCORNS AND JALAPENO', '219.00', 1, '0000-00-00 00:00:00', 1, '0000-00-00 00:00:00', 0, 0, NULL),
(771, 24, 2, 'VEGGIE CLASSIC', '133.00', 1, '0000-00-00 00:00:00', 1, '0000-00-00 00:00:00', 0, 0, NULL),
(772, 24, 2, 'VEGGIE MAMBA', '181.00', 1, '0000-00-00 00:00:00', 1, '0000-00-00 00:00:00', 0, 1, NULL),
(773, 4, 2, 'tom chi DOSA', '209.00', 1, '0000-00-00 00:00:00', 1, '0000-00-00 00:00:00', 0, 0, NULL),
(774, 4, 2, 'american delight DOSA', '238.00', 1, '0000-00-00 00:00:00', 1, '0000-00-00 00:00:00', 0, 0, NULL),
(775, 4, 2, 'mexi roll DOSA', '248.00', 1, '0000-00-00 00:00:00', 1, '0000-00-00 00:00:00', 0, 1, NULL),
(776, 4, 2, 'spring roll DOSA', '171.00', 1, '0000-00-00 00:00:00', 1, '0000-00-00 00:00:00', 0, 0, NULL),
(777, 4, 2, 'salad roast DOSA', '229.00', 1, '0000-00-00 00:00:00', 1, '0000-00-00 00:00:00', 0, 1, NULL),
(778, 5, 2, 'schezwan DOSA', '200.00', 1, '0000-00-00 00:00:00', 1, '0000-00-00 00:00:00', 0, 1, NULL),
(779, 5, 2, 'mushroom schezwan DOSA', '229.00', 1, '0000-00-00 00:00:00', 1, '0000-00-00 00:00:00', 0, 0, NULL),
(780, 5, 2, 'american chopsuey DOSA', '171.00', 1, '0000-00-00 00:00:00', 1, '0000-00-00 00:00:00', 0, 1, NULL),
(781, 5, 2, 'salsa noodles DOSA', '190.00', 1, '0000-00-00 00:00:00', 1, '0000-00-00 00:00:00', 0, 0, NULL),
(782, 5, 2, 'sizz lee noodles DOSA', '190.00', 1, '0000-00-00 00:00:00', 1, '0000-00-00 00:00:00', 0, 1, NULL),
(783, 5, 2, 'mushroom chopsuey DOSA', '209.00', 1, '0000-00-00 00:00:00', 1, '0000-00-00 00:00:00', 0, 1, NULL),
(784, 5, 2, 'chinese delight DOSA', '181.00', 1, '0000-00-00 00:00:00', 1, '0000-00-00 00:00:00', 0, 0, NULL),
(785, 6, 2, 'tom chi uttapam', '162.00', 1, '0000-00-00 00:00:00', 1, '0000-00-00 00:00:00', 0, 0, NULL),
(786, 6, 2, 'onion delight UTTAPAM', '162.00', 1, '0000-00-00 00:00:00', 1, '0000-00-00 00:00:00', 0, 1, NULL),
(787, 6, 2, 'hot garlic mexican  UTTAPAM', '162.00', 1, '0000-00-00 00:00:00', 1, '0000-00-00 00:00:00', 0, 0, NULL),
(788, 6, 2, 'chilly delight UTTAPAM', '162.00', 1, '0000-00-00 00:00:00', 1, '0000-00-00 00:00:00', 0, 1, NULL),
(789, 6, 2, 'spl prem UTTAPAM', '171.00', 1, '0000-00-00 00:00:00', 1, '0000-00-00 00:00:00', 0, 1, NULL),
(790, 6, 2, 'spl spicy UTTAPAM', '181.00', 1, '0000-00-00 00:00:00', 1, '0000-00-00 00:00:00', 0, 0, NULL),
(791, 6, 2, 'spl paneer spicy UTTAPAM', '219.00', 1, '0000-00-00 00:00:00', 1, '0000-00-00 00:00:00', 0, 0, NULL),
(792, 6, 2, 'sandwich UTTAPAM', '200.00', 1, '0000-00-00 00:00:00', 1, '0000-00-00 00:00:00', 0, 0, NULL),
(793, 7, 2, 'mysore UTTAPAM', '152.00', 1, '0000-00-00 00:00:00', 1, '0000-00-00 00:00:00', 0, 1, NULL),
(794, 7, 2, 'mix veg UTTAPAM', '171.00', 1, '0000-00-00 00:00:00', 1, '0000-00-00 00:00:00', 0, 0, NULL),
(795, 7, 2, 'plain uttapam', '85.00', 1, '0000-00-00 00:00:00', 1, '0000-00-00 00:00:00', 0, 0, NULL),
(796, 7, 2, 'mini uttapam', '105.00', 1, '0000-00-00 00:00:00', 1, '0000-00-00 00:00:00', 0, 1, NULL),
(797, 7, 2, 'onion uttapam', '133.00', 1, '0000-00-00 00:00:00', 1, '0000-00-00 00:00:00', 0, 1, NULL),
(798, 7, 2, 'tomato uttapam', '133.00', 1, '0000-00-00 00:00:00', 1, '0000-00-00 00:00:00', 0, 0, NULL),
(799, 7, 2, 'onion tomato uttapam', '162.00', 1, '0000-00-00 00:00:00', 1, '0000-00-00 00:00:00', 0, 1, NULL),
(800, 8, 2, 'chetinaad Biryani', '238.00', 1, '0000-00-00 00:00:00', 1, '0000-00-00 00:00:00', 0, 0, NULL),
(801, 8, 2, 'samber rice', '162.00', 1, '0000-00-00 00:00:00', 1, '0000-00-00 00:00:00', 0, 0, NULL),
(802, 8, 2, 'tamrind rice ( imli rice )', '171.00', 1, '0000-00-00 00:00:00', 1, '0000-00-00 00:00:00', 0, 0, NULL),
(803, 8, 2, 'tomato rice', '171.00', 1, '0000-00-00 00:00:00', 1, '0000-00-00 00:00:00', 0, 0, NULL),
(804, 8, 2, 'lemon rice', '171.00', 1, '0000-00-00 00:00:00', 1, '0000-00-00 00:00:00', 0, 0, NULL),
(805, 8, 2, 'dahi ( curd ) rice', '171.00', 1, '0000-00-00 00:00:00', 1, '0000-00-00 00:00:00', 0, 1, NULL),
(806, 9, 2, 'chennai idli 8 pcs', '95.00', 1, '0000-00-00 00:00:00', 1, '0000-00-00 00:00:00', 0, 0, NULL),
(807, 9, 2, 'spl mini idli  12 pce', '114.00', 1, '0000-00-00 00:00:00', 1, '0000-00-00 00:00:00', 0, 0, NULL),
(808, 9, 2, '14 ghee idli   14 pcs', '133.00', 1, '0000-00-00 00:00:00', 1, '0000-00-00 00:00:00', 0, 0, NULL),
(809, 9, 2, 'rasam idli     8 pcs', '104.00', 1, '0000-00-00 00:00:00', 1, '0000-00-00 00:00:00', 0, 0, NULL),
(810, 9, 2, 'butter idli     12 pcs', '124.00', 1, '0000-00-00 00:00:00', 1, '0000-00-00 00:00:00', 0, 0, NULL),
(811, 10, 2, 'idli manchurian', '171.00', 1, '0000-00-00 00:00:00', 1, '0000-00-00 00:00:00', 0, 1, NULL),
(812, 10, 2, 'idli cheese manchurian', '190.00', 1, '0000-00-00 00:00:00', 1, '0000-00-00 00:00:00', 0, 0, NULL),
(813, 10, 2, 'idli cheese schezwan', '190.00', 1, '0000-00-00 00:00:00', 1, '0000-00-00 00:00:00', 0, 0, NULL),
(814, 11, 2, 'medu wada 2 pcs', '114.00', 1, '0000-00-00 00:00:00', 1, '0000-00-00 00:00:00', 0, 0, NULL),
(815, 11, 2, 'mini medu wada 6 pcs', '124.00', 1, '0000-00-00 00:00:00', 1, '0000-00-00 00:00:00', 0, 0, NULL),
(816, 11, 2, 'rasam wada 4 pcs', '114.00', 1, '0000-00-00 00:00:00', 1, '0000-00-00 00:00:00', 0, 0, NULL),
(817, 11, 2, 'mysore wada 4 pcs', '133.00', 1, '0000-00-00 00:00:00', 1, '0000-00-00 00:00:00', 0, 0, NULL),
(818, 11, 2, 'samber wada 4 pcs', '114.00', 1, '0000-00-00 00:00:00', 1, '0000-00-00 00:00:00', 0, 0, NULL),
(819, 12, 2, 'butter pav bhaji', '114.00', 1, '0000-00-00 00:00:00', 1, '0000-00-00 00:00:00', 0, 0, NULL),
(820, 12, 2, 'cheese pav bhaji', '143.00', 1, '0000-00-00 00:00:00', 1, '0000-00-00 00:00:00', 0, 0, NULL),
(821, 12, 2, 'extra pav', '29.00', 1, '0000-00-00 00:00:00', 1, '0000-00-00 00:00:00', 0, 0, NULL),
(822, 12, 2, 'cheese masala pav', '57.00', 1, '0000-00-00 00:00:00', 1, '0000-00-00 00:00:00', 0, 0, NULL),
(823, 13, 2, 'tomato soup', '105.00', 1, '0000-00-00 00:00:00', 1, '0000-00-00 00:00:00', 0, 0, NULL),
(824, 13, 2, 'veg clear soup', '105.00', 1, '0000-00-00 00:00:00', 1, '0000-00-00 00:00:00', 0, 0, NULL),
(825, 13, 2, 'sweet corn soup', '105.00', 1, '0000-00-00 00:00:00', 1, '0000-00-00 00:00:00', 0, 1, NULL),
(826, 13, 2, 'manchow soup', '105.00', 1, '0000-00-00 00:00:00', 1, '0000-00-00 00:00:00', 0, 0, NULL),
(827, 13, 2, 'hot n sour soup', '105.00', 1, '0000-00-00 00:00:00', 1, '0000-00-00 00:00:00', 0, 0, NULL),
(828, 14, 2, 'french fries', '95.00', 1, '0000-00-00 00:00:00', 1, '0000-00-00 00:00:00', 0, 0, NULL),
(829, 14, 2, 'chinese bhel', '143.00', 1, '0000-00-00 00:00:00', 1, '0000-00-00 00:00:00', 0, 0, NULL),
(830, 14, 2, 'aloo 65', '152.00', 1, '0000-00-00 00:00:00', 1, '0000-00-00 00:00:00', 0, 0, NULL),
(831, 14, 2, 'crispy fried baby corn', '162.00', 1, '0000-00-00 00:00:00', 1, '0000-00-00 00:00:00', 0, 0, NULL),
(832, 14, 2, 'veg spring roll', '162.00', 1, '0000-00-00 00:00:00', 1, '0000-00-00 00:00:00', 0, 0, NULL),
(833, 14, 2, 'veg manchurian dry', '162.00', 1, '0000-00-00 00:00:00', 1, '0000-00-00 00:00:00', 0, 0, NULL),
(834, 14, 2, 'veg crispy', '162.00', 1, '0000-00-00 00:00:00', 1, '0000-00-00 00:00:00', 0, 0, NULL),
(835, 14, 2, 'honey chilli patato', '190.00', 1, '0000-00-00 00:00:00', 1, '0000-00-00 00:00:00', 0, 0, NULL),
(836, 14, 2, 'veg manchurian gravy', '181.00', 1, '0000-00-00 00:00:00', 1, '0000-00-00 00:00:00', 0, 0, NULL),
(837, 14, 2, 'veg manchurian gravy', '181.00', 1, '0000-00-00 00:00:00', 1, '0000-00-00 00:00:00', 0, 0, NULL),
(838, 15, 2, 'paneer 65', '190.00', 1, '0000-00-00 00:00:00', 1, '0000-00-00 00:00:00', 0, 0, NULL),
(839, 15, 2, 'panee chilly dry', '181.00', 1, '0000-00-00 00:00:00', 1, '0000-00-00 00:00:00', 0, 0, NULL),
(840, 15, 2, 'thread paneer', '210.00', 1, '0000-00-00 00:00:00', 1, '0000-00-00 00:00:00', 0, 0, NULL),
(841, 15, 2, 'paneer chilli gravy', '200.00', 1, '0000-00-00 00:00:00', 1, '0000-00-00 00:00:00', 0, 1, NULL),
(842, 15, 2, 'paneer hot garlic gravy', '200.00', 1, '0000-00-00 00:00:00', 1, '0000-00-00 00:00:00', 0, 0, NULL),
(843, 16, 2, 'veg hakka noodles', '152.00', 1, '0000-00-00 00:00:00', 1, '0000-00-00 00:00:00', 0, 0, NULL),
(844, 16, 2, 'tom chi noodles', '162.00', 1, '0000-00-00 00:00:00', 1, '0000-00-00 00:00:00', 0, 0, NULL),
(845, 16, 2, 'chilly garlic noodles', '171.00', 1, '0000-00-00 00:00:00', 1, '0000-00-00 00:00:00', 0, 0, NULL),
(846, 16, 2, 'veg schezwan noodles', '181.00', 1, '0000-00-00 00:00:00', 1, '0000-00-00 00:00:00', 0, 0, NULL),
(847, 16, 2, 'veg chinese chopsuey', '190.00', 1, '0000-00-00 00:00:00', 1, '0000-00-00 00:00:00', 0, 0, NULL),
(848, 17, 2, 'veg triple schezwan fried rice', '219.00', 1, '0000-00-00 00:00:00', 1, '0000-00-00 00:00:00', 0, 0, NULL),
(849, 17, 2, 'schezwan fried rice', '181.00', 1, '0000-00-00 00:00:00', 1, '0000-00-00 00:00:00', 0, 0, NULL),
(850, 17, 2, 'veg fried rice', '162.00', 1, '0000-00-00 00:00:00', 1, '0000-00-00 00:00:00', 0, 0, NULL),
(851, 17, 2, 'mushroom fried rice', '200.00', 1, '0000-00-00 00:00:00', 1, '0000-00-00 00:00:00', 0, 0, NULL),
(852, 18, 2, 'schezwan sizzler', '333.00', 1, '0000-00-00 00:00:00', 1, '0000-00-00 00:00:00', 0, 0, NULL),
(853, 18, 2, 'veg sizzler', '295.00', 1, '0000-00-00 00:00:00', 1, '0000-00-00 00:00:00', 0, 0, NULL),
(854, 19, 2, 'mojito', '181.00', 1, '0000-00-00 00:00:00', 1, '0000-00-00 00:00:00', 0, 0, NULL),
(855, 19, 2, 'lemoni', '143.00', 1, '0000-00-00 00:00:00', 1, '0000-00-00 00:00:00', 0, 0, NULL),
(856, 19, 2, 'cool sky', '143.00', 1, '0000-00-00 00:00:00', 1, '0000-00-00 00:00:00', 0, 0, NULL),
(857, 19, 2, 'irish bery', '143.00', 1, '0000-00-00 00:00:00', 1, '0000-00-00 00:00:00', 0, 0, NULL),
(858, 19, 2, 'fresh lime soda', '67.00', 1, '0000-00-00 00:00:00', 1, '0000-00-00 00:00:00', 0, 0, NULL),
(859, 20, 2, 'vanilla shake', '105.00', 1, '0000-00-00 00:00:00', 1, '0000-00-00 00:00:00', 0, 0, NULL),
(860, 20, 2, 'strawberry shake', '114.00', 1, '0000-00-00 00:00:00', 1, '0000-00-00 00:00:00', 0, 0, NULL),
(861, 20, 2, 'chocolate shake', '114.00', 1, '0000-00-00 00:00:00', 1, '0000-00-00 00:00:00', 0, 0, NULL),
(862, 20, 2, 'orio milkshake', '124.00', 1, '0000-00-00 00:00:00', 1, '0000-00-00 00:00:00', 0, 0, NULL),
(863, 20, 2, 'coldcoffee', '105.00', 1, '0000-00-00 00:00:00', 1, '0000-00-00 00:00:00', 0, 0, NULL),
(864, 20, 2, 'coldcoffee with icecream', '124.00', 1, '0000-00-00 00:00:00', 1, '0000-00-00 00:00:00', 0, 0, NULL),
(865, 20, 2, 'mocha cold coffee ', '143.00', 1, '0000-00-00 00:00:00', 1, '0000-00-00 00:00:00', 0, 0, NULL),
(866, 20, 2, 'popcorn cold coffee', '143.00', 1, '0000-00-00 00:00:00', 1, '0000-00-00 00:00:00', 0, 0, NULL),
(867, 20, 2, 'hazelnut cold coffee', '143.00', 1, '0000-00-00 00:00:00', 1, '0000-00-00 00:00:00', 0, 0, NULL),
(868, 20, 2, 'mango cheesecake shake', '143.00', 1, '0000-00-00 00:00:00', 1, '0000-00-00 00:00:00', 0, 1, NULL),
(869, 20, 2, 'bubblegum shake', '143.00', 1, '0000-00-00 00:00:00', 1, '0000-00-00 00:00:00', 0, 0, NULL),
(870, 20, 2, 'tea ', '38.00', 1, '0000-00-00 00:00:00', 1, '0000-00-00 00:00:00', 0, 0, NULL),
(871, 20, 2, 'filter coffee', '57.00', 1, '0000-00-00 00:00:00', 1, '0000-00-00 00:00:00', 0, 0, NULL),
(872, 21, 2, 'thumsup', '29.00', 1, '0000-00-00 00:00:00', 1, '0000-00-00 00:00:00', 0, 1, NULL),
(873, 21, 2, 'coke', '29.00', 1, '0000-00-00 00:00:00', 1, '0000-00-00 00:00:00', 0, 0, NULL),
(874, 21, 2, 'limca', '29.00', 1, '0000-00-00 00:00:00', 1, '0000-00-00 00:00:00', 0, 0, NULL),
(875, 21, 2, 'fanta', '29.00', 1, '0000-00-00 00:00:00', 1, '0000-00-00 00:00:00', 0, 0, NULL),
(876, 21, 2, 'sprite', '29.00', 1, '0000-00-00 00:00:00', 1, '0000-00-00 00:00:00', 0, 0, NULL),
(877, 21, 2, 'mazza', '29.00', 1, '0000-00-00 00:00:00', 1, '0000-00-00 00:00:00', 0, 0, NULL),
(878, 22, 2, 'mineral water', '19.00', 0, '0000-00-00 00:00:00', 1, '0000-00-00 00:00:00', 0, 1, NULL),
(879, 22, 2, 'fresh lime water', '47.00', 1, '0000-00-00 00:00:00', 1, '0000-00-00 00:00:00', 0, 0, NULL),
(880, 23, 2, 'dahi wada', '133.00', 1, '0000-00-00 00:00:00', 1, '0000-00-00 00:00:00', 0, 0, NULL),
(881, 23, 2, 'butter milk', '47.00', 1, '0000-00-00 00:00:00', 1, '0000-00-00 00:00:00', 0, 0, NULL),
(882, 23, 2, 'lassi', '57.00', 1, '0000-00-00 00:00:00', 1, '0000-00-00 00:00:00', 0, 0, NULL),
(883, 1, 2, 'garlic roast dosa', '133.00', 1, '0000-00-00 00:00:00', 1, '0000-00-00 00:00:00', 0, 1, NULL),
(884, 1, 2, 'salsa lite DOSA', '152.00', 1, '0000-00-00 00:00:00', 1, '0000-00-00 00:00:00', 0, 1, NULL),
(885, 1, 2, 'mexican roast DOSA', '152.00', 1, '0000-00-00 00:00:00', 1, '0000-00-00 00:00:00', 0, 1, NULL),
(886, 1, 2, 'rocket mysore DOSA', '105.00', 1, '0000-00-00 00:00:00', 1, '0000-00-00 00:00:00', 0, 1, NULL),
(887, 1, 2, 'sada dosa', '86.00', 1, '0000-00-00 00:00:00', 1, '0000-00-00 00:00:00', 0, 1, NULL),
(888, 1, 2, 'onion sada', '105.00', 1, '0000-00-00 00:00:00', 1, '0000-00-00 00:00:00', 0, 1, NULL),
(889, 2, 2, 'prem masala DOSA', '152.00', 1, '0000-00-00 00:00:00', 1, '0000-00-00 00:00:00', 0, 1, NULL),
(890, 2, 2, 'mysore masala DOSA', '133.00', 1, '0000-00-00 00:00:00', 1, '0000-00-00 00:00:00', 0, 1, NULL),
(891, 2, 2, 'harabhara masala DOSA', '152.00', 1, '0000-00-00 00:00:00', 1, '0000-00-00 00:00:00', 0, 1, NULL),
(892, 2, 2, 'maharaja masala DOSA', '152.00', 1, '0000-00-00 00:00:00', 1, '0000-00-00 00:00:00', 0, 1, NULL),
(893, 2, 2, 'masala DOSA', '105.00', 1, '0000-00-00 00:00:00', 1, '0000-00-00 00:00:00', 0, 1, NULL),
(894, 2, 2, 'navratna masala DOSA', '152.00', 1, '0000-00-00 00:00:00', 1, '0000-00-00 00:00:00', 0, 1, NULL),
(895, 2, 2, 'onion masala DOSA', '124.00', 1, '0000-00-00 00:00:00', 1, '0000-00-00 00:00:00', 0, 1, NULL),
(896, 3, 2, 'paneer schezwan DOSA', '229.00', 1, '0000-00-00 00:00:00', 1, '0000-00-00 00:00:00', 0, 1, NULL),
(897, 3, 2, 'paneer crispy DOSA', '267.00', 1, '0000-00-00 00:00:00', 1, '0000-00-00 00:00:00', 0, 0, NULL),
(898, 3, 2, 'paneer chilly DOSA', '209.00', 1, '0000-00-00 00:00:00', 1, '0000-00-00 00:00:00', 0, 1, NULL),
(899, 3, 2, 'paneer american delight DOSA', '267.00', 1, '0000-00-00 00:00:00', 1, '0000-00-00 00:00:00', 0, 0, NULL),
(900, 3, 2, 'paneer spring roll DOSA', '209.00', 1, '0000-00-00 00:00:00', 1, '0000-00-00 00:00:00', 0, 0, NULL),
(901, 3, 2, 'paneer chinese delight DOSA', '219.00', 1, '0000-00-00 00:00:00', 1, '0000-00-00 00:00:00', 0, 0, NULL),
(902, 3, 2, 'paneer american chopsuey DOSA', '200.00', 1, '0000-00-00 00:00:00', 1, '0000-00-00 00:00:00', 0, 1, NULL),
(903, 3, 2, 'paneer salad roast DOSA', '257.00', 1, '0000-00-00 00:00:00', 1, '0000-00-00 00:00:00', 0, 0, NULL),
(904, 24, 2, 'SPICY VEGGIE', '190.00', 1, '0000-00-00 00:00:00', 1, '0000-00-00 00:00:00', 0, 0, NULL),
(905, 24, 2, 'TABASCO PIZZA', '190.00', 1, '0000-00-00 00:00:00', 1, '0000-00-00 00:00:00', 0, 0, NULL),
(906, 24, 2, 'FIERY PERI PERI', '257.00', 1, '0000-00-00 00:00:00', 1, '0000-00-00 00:00:00', 0, 0, NULL),
(907, 24, 2, 'ANGRY PANEER', '257.00', 1, '0000-00-00 00:00:00', 1, '0000-00-00 00:00:00', 0, 0, NULL),
(908, 24, 2, 'MARGHERITA WITH BASIL', '171.00', 1, '0000-00-00 00:00:00', 1, '0000-00-00 00:00:00', 0, 1, NULL),
(909, 24, 2, 'TANDOORI PANEER', '219.00', 1, '0000-00-00 00:00:00', 1, '0000-00-00 00:00:00', 0, 0, NULL),
(910, 24, 2, 'MUSHROOMS AND OLIVES', '219.00', 1, '0000-00-00 00:00:00', 1, '0000-00-00 00:00:00', 0, 1, NULL),
(911, 24, 2, 'GRILLED ZUCCHINI', '229.00', 1, '0000-00-00 00:00:00', 1, '0000-00-00 00:00:00', 0, 0, NULL),
(912, 24, 2, 'SICILIAN', '285.00', 1, '0000-00-00 00:00:00', 1, '0000-00-00 00:00:00', 0, 0, NULL),
(913, 24, 2, 'SUN KISSED', '248.00', 1, '0000-00-00 00:00:00', 1, '0000-00-00 00:00:00', 0, 0, NULL),
(914, 24, 2, 'VEG GARDEN', '257.00', 1, '0000-00-00 00:00:00', 1, '0000-00-00 00:00:00', 0, 0, NULL),
(915, 24, 2, 'CHEESE BLAST', '295.00', 1, '0000-00-00 00:00:00', 1, '0000-00-00 00:00:00', 0, 0, NULL),
(916, 24, 2, 'LATINO GARDEN', '295.00', 1, '0000-00-00 00:00:00', 1, '0000-00-00 00:00:00', 0, 0, NULL),
(917, 24, 2, 'BABYCORNS AND JALAPENO', '219.00', 1, '0000-00-00 00:00:00', 1, '0000-00-00 00:00:00', 0, 0, NULL),
(918, 24, 2, 'VEGGIE CLASSIC', '133.00', 1, '0000-00-00 00:00:00', 1, '0000-00-00 00:00:00', 0, 0, NULL),
(919, 24, 2, 'VEGGIE MAMBA', '181.00', 1, '0000-00-00 00:00:00', 1, '0000-00-00 00:00:00', 0, 1, NULL),
(920, 4, 2, 'tom chi DOSA', '209.00', 1, '0000-00-00 00:00:00', 1, '0000-00-00 00:00:00', 0, 0, NULL),
(921, 4, 2, 'american delight DOSA', '238.00', 1, '0000-00-00 00:00:00', 1, '0000-00-00 00:00:00', 0, 0, NULL),
(922, 4, 2, 'mexi roll DOSA', '248.00', 1, '0000-00-00 00:00:00', 1, '0000-00-00 00:00:00', 0, 1, NULL),
(923, 4, 2, 'spring roll DOSA', '171.00', 1, '0000-00-00 00:00:00', 1, '0000-00-00 00:00:00', 0, 0, NULL),
(924, 4, 2, 'salad roast DOSA', '229.00', 1, '0000-00-00 00:00:00', 1, '0000-00-00 00:00:00', 0, 1, NULL),
(925, 5, 2, 'schezwan DOSA', '200.00', 1, '0000-00-00 00:00:00', 1, '0000-00-00 00:00:00', 0, 1, NULL),
(926, 5, 2, 'mushroom schezwan DOSA', '229.00', 1, '0000-00-00 00:00:00', 1, '0000-00-00 00:00:00', 0, 0, NULL),
(927, 5, 2, 'american chopsuey DOSA', '171.00', 1, '0000-00-00 00:00:00', 1, '0000-00-00 00:00:00', 0, 1, NULL),
(928, 5, 2, 'salsa noodles DOSA', '190.00', 1, '0000-00-00 00:00:00', 1, '0000-00-00 00:00:00', 0, 0, NULL),
(929, 5, 2, 'sizz lee noodles DOSA', '190.00', 1, '0000-00-00 00:00:00', 1, '0000-00-00 00:00:00', 0, 1, NULL),
(930, 5, 2, 'mushroom chopsuey DOSA', '209.00', 1, '0000-00-00 00:00:00', 1, '0000-00-00 00:00:00', 0, 1, NULL),
(931, 5, 2, 'chinese delight DOSA', '181.00', 1, '0000-00-00 00:00:00', 1, '0000-00-00 00:00:00', 0, 0, NULL),
(932, 6, 2, 'tom chi uttapam', '162.00', 1, '0000-00-00 00:00:00', 1, '0000-00-00 00:00:00', 0, 0, NULL),
(933, 6, 2, 'onion delight UTTAPAM', '162.00', 1, '0000-00-00 00:00:00', 1, '0000-00-00 00:00:00', 0, 1, NULL),
(934, 6, 2, 'hot garlic mexican  UTTAPAM', '162.00', 1, '0000-00-00 00:00:00', 1, '0000-00-00 00:00:00', 0, 0, NULL),
(935, 6, 2, 'chilly delight UTTAPAM', '162.00', 1, '0000-00-00 00:00:00', 1, '0000-00-00 00:00:00', 0, 1, NULL),
(936, 6, 2, 'spl prem UTTAPAM', '171.00', 1, '0000-00-00 00:00:00', 1, '0000-00-00 00:00:00', 0, 1, NULL),
(937, 6, 2, 'spl spicy UTTAPAM', '181.00', 1, '0000-00-00 00:00:00', 1, '0000-00-00 00:00:00', 0, 0, NULL),
(938, 6, 2, 'spl paneer spicy UTTAPAM', '219.00', 1, '0000-00-00 00:00:00', 1, '0000-00-00 00:00:00', 0, 0, NULL),
(939, 6, 2, 'sandwich UTTAPAM', '200.00', 1, '0000-00-00 00:00:00', 1, '0000-00-00 00:00:00', 0, 0, NULL),
(940, 7, 2, 'mysore UTTAPAM', '152.00', 1, '0000-00-00 00:00:00', 1, '0000-00-00 00:00:00', 0, 1, NULL),
(941, 7, 2, 'mix veg UTTAPAM', '171.00', 1, '0000-00-00 00:00:00', 1, '0000-00-00 00:00:00', 0, 0, NULL),
(942, 7, 2, 'plain uttapam', '85.00', 1, '0000-00-00 00:00:00', 1, '0000-00-00 00:00:00', 0, 0, NULL),
(943, 7, 2, 'mini uttapam', '105.00', 1, '0000-00-00 00:00:00', 1, '0000-00-00 00:00:00', 0, 1, NULL),
(944, 7, 2, 'onion uttapam', '133.00', 1, '0000-00-00 00:00:00', 1, '0000-00-00 00:00:00', 0, 1, NULL),
(945, 7, 2, 'tomato uttapam', '133.00', 1, '0000-00-00 00:00:00', 1, '0000-00-00 00:00:00', 0, 0, NULL);
INSERT INTO `items` (`id`, `item_sub_category_id`, `tax_id`, `name`, `rate`, `discount_applicable`, `created_on`, `created_by`, `edited_on`, `is_deleted`, `is_favorite`, `color`) VALUES
(946, 7, 2, 'onion tomato uttapam', '162.00', 1, '0000-00-00 00:00:00', 1, '0000-00-00 00:00:00', 0, 1, NULL),
(947, 8, 2, 'chetinaad Biryani', '238.00', 1, '0000-00-00 00:00:00', 1, '0000-00-00 00:00:00', 0, 0, NULL),
(948, 8, 2, 'samber rice', '162.00', 1, '0000-00-00 00:00:00', 1, '0000-00-00 00:00:00', 0, 0, NULL),
(949, 8, 2, 'tamrind rice ( imli rice )', '171.00', 1, '0000-00-00 00:00:00', 1, '0000-00-00 00:00:00', 0, 0, NULL),
(950, 8, 2, 'tomato rice', '171.00', 1, '0000-00-00 00:00:00', 1, '0000-00-00 00:00:00', 0, 0, NULL),
(951, 8, 2, 'lemon rice', '171.00', 1, '0000-00-00 00:00:00', 1, '0000-00-00 00:00:00', 0, 0, NULL),
(952, 8, 2, 'dahi ( curd ) rice', '171.00', 1, '0000-00-00 00:00:00', 1, '0000-00-00 00:00:00', 0, 1, NULL),
(953, 9, 2, 'chennai idli 8 pcs', '95.00', 1, '0000-00-00 00:00:00', 1, '0000-00-00 00:00:00', 0, 0, NULL),
(954, 9, 2, 'spl mini idli  12 pce', '114.00', 1, '0000-00-00 00:00:00', 1, '0000-00-00 00:00:00', 0, 0, NULL),
(955, 9, 2, '14 ghee idli   14 pcs', '133.00', 1, '0000-00-00 00:00:00', 1, '0000-00-00 00:00:00', 0, 0, NULL),
(956, 9, 2, 'rasam idli     8 pcs', '104.00', 1, '0000-00-00 00:00:00', 1, '0000-00-00 00:00:00', 0, 0, NULL),
(957, 9, 2, 'butter idli     12 pcs', '124.00', 1, '0000-00-00 00:00:00', 1, '0000-00-00 00:00:00', 0, 0, NULL),
(958, 10, 2, 'idli manchurian', '171.00', 1, '0000-00-00 00:00:00', 1, '0000-00-00 00:00:00', 0, 1, NULL),
(959, 10, 2, 'idli cheese manchurian', '190.00', 1, '0000-00-00 00:00:00', 1, '0000-00-00 00:00:00', 0, 0, NULL),
(960, 10, 2, 'idli cheese schezwan', '190.00', 1, '0000-00-00 00:00:00', 1, '0000-00-00 00:00:00', 0, 0, NULL),
(961, 11, 2, 'medu wada 2 pcs', '114.00', 1, '0000-00-00 00:00:00', 1, '0000-00-00 00:00:00', 0, 0, NULL),
(962, 11, 2, 'mini medu wada 6 pcs', '124.00', 1, '0000-00-00 00:00:00', 1, '0000-00-00 00:00:00', 0, 0, NULL),
(963, 11, 2, 'rasam wada 4 pcs', '114.00', 1, '0000-00-00 00:00:00', 1, '0000-00-00 00:00:00', 0, 0, NULL),
(964, 11, 2, 'mysore wada 4 pcs', '133.00', 1, '0000-00-00 00:00:00', 1, '0000-00-00 00:00:00', 0, 0, NULL),
(965, 11, 2, 'samber wada 4 pcs', '114.00', 1, '0000-00-00 00:00:00', 1, '0000-00-00 00:00:00', 0, 0, NULL),
(966, 12, 2, 'butter pav bhaji', '114.00', 1, '0000-00-00 00:00:00', 1, '0000-00-00 00:00:00', 0, 0, NULL),
(967, 12, 2, 'cheese pav bhaji', '143.00', 1, '0000-00-00 00:00:00', 1, '0000-00-00 00:00:00', 0, 0, NULL),
(968, 12, 2, 'extra pav', '29.00', 1, '0000-00-00 00:00:00', 1, '0000-00-00 00:00:00', 0, 0, NULL),
(969, 12, 2, 'cheese masala pav', '57.00', 1, '0000-00-00 00:00:00', 1, '0000-00-00 00:00:00', 0, 0, NULL),
(970, 13, 2, 'tomato soup', '105.00', 1, '0000-00-00 00:00:00', 1, '0000-00-00 00:00:00', 0, 0, NULL),
(971, 13, 2, 'veg clear soup', '105.00', 1, '0000-00-00 00:00:00', 1, '0000-00-00 00:00:00', 0, 0, NULL),
(972, 13, 2, 'sweet corn soup', '105.00', 1, '0000-00-00 00:00:00', 1, '0000-00-00 00:00:00', 0, 1, NULL),
(973, 13, 2, 'manchow soup', '105.00', 1, '0000-00-00 00:00:00', 1, '0000-00-00 00:00:00', 0, 0, NULL),
(974, 13, 2, 'hot n sour soup', '105.00', 1, '0000-00-00 00:00:00', 1, '0000-00-00 00:00:00', 0, 0, NULL),
(975, 14, 2, 'french fries', '95.00', 1, '0000-00-00 00:00:00', 1, '0000-00-00 00:00:00', 0, 0, NULL),
(976, 14, 2, 'chinese bhel', '143.00', 1, '0000-00-00 00:00:00', 1, '0000-00-00 00:00:00', 0, 0, NULL),
(977, 14, 2, 'aloo 65', '152.00', 1, '0000-00-00 00:00:00', 1, '0000-00-00 00:00:00', 0, 0, NULL),
(978, 14, 2, 'crispy fried baby corn', '162.00', 1, '0000-00-00 00:00:00', 1, '0000-00-00 00:00:00', 0, 0, NULL),
(979, 14, 2, 'veg spring roll', '162.00', 1, '0000-00-00 00:00:00', 1, '0000-00-00 00:00:00', 0, 0, NULL),
(980, 14, 2, 'veg manchurian dry', '162.00', 1, '0000-00-00 00:00:00', 1, '0000-00-00 00:00:00', 0, 0, NULL),
(981, 14, 2, 'veg crispy', '162.00', 1, '0000-00-00 00:00:00', 1, '0000-00-00 00:00:00', 0, 0, NULL),
(982, 14, 2, 'honey chilli patato', '190.00', 1, '0000-00-00 00:00:00', 1, '0000-00-00 00:00:00', 0, 0, NULL),
(983, 14, 2, 'veg manchurian gravy', '181.00', 1, '0000-00-00 00:00:00', 1, '0000-00-00 00:00:00', 0, 0, NULL),
(984, 14, 2, 'veg manchurian gravy', '181.00', 1, '0000-00-00 00:00:00', 1, '0000-00-00 00:00:00', 0, 0, NULL),
(985, 15, 2, 'paneer 65', '190.00', 1, '0000-00-00 00:00:00', 1, '0000-00-00 00:00:00', 0, 0, NULL),
(986, 15, 2, 'panee chilly dry', '181.00', 1, '0000-00-00 00:00:00', 1, '0000-00-00 00:00:00', 0, 0, NULL),
(987, 15, 2, 'thread paneer', '210.00', 1, '0000-00-00 00:00:00', 1, '0000-00-00 00:00:00', 0, 0, NULL),
(988, 15, 2, 'paneer chilli gravy', '200.00', 1, '0000-00-00 00:00:00', 1, '0000-00-00 00:00:00', 0, 1, NULL),
(989, 15, 2, 'paneer hot garlic gravy', '200.00', 1, '0000-00-00 00:00:00', 1, '0000-00-00 00:00:00', 0, 0, NULL),
(990, 16, 2, 'veg hakka noodles', '152.00', 1, '0000-00-00 00:00:00', 1, '0000-00-00 00:00:00', 0, 0, NULL),
(991, 16, 2, 'tom chi noodles', '162.00', 1, '0000-00-00 00:00:00', 1, '0000-00-00 00:00:00', 0, 0, NULL),
(992, 16, 2, 'chilly garlic noodles', '171.00', 1, '0000-00-00 00:00:00', 1, '0000-00-00 00:00:00', 0, 0, NULL),
(993, 16, 2, 'veg schezwan noodles', '181.00', 1, '0000-00-00 00:00:00', 1, '0000-00-00 00:00:00', 0, 0, NULL),
(994, 16, 2, 'veg chinese chopsuey', '190.00', 1, '0000-00-00 00:00:00', 1, '0000-00-00 00:00:00', 0, 0, NULL),
(995, 17, 2, 'veg triple schezwan fried rice', '219.00', 1, '0000-00-00 00:00:00', 1, '0000-00-00 00:00:00', 0, 0, NULL),
(996, 17, 2, 'schezwan fried rice', '181.00', 1, '0000-00-00 00:00:00', 1, '0000-00-00 00:00:00', 0, 0, NULL),
(997, 17, 2, 'veg fried rice', '162.00', 1, '0000-00-00 00:00:00', 1, '0000-00-00 00:00:00', 0, 0, NULL),
(998, 17, 2, 'mushroom fried rice', '200.00', 1, '0000-00-00 00:00:00', 1, '0000-00-00 00:00:00', 0, 0, NULL),
(999, 18, 2, 'schezwan sizzler', '333.00', 1, '0000-00-00 00:00:00', 1, '0000-00-00 00:00:00', 0, 0, NULL),
(1000, 18, 2, 'veg sizzler', '295.00', 1, '0000-00-00 00:00:00', 1, '0000-00-00 00:00:00', 0, 0, NULL),
(1001, 19, 2, 'mojito', '181.00', 1, '0000-00-00 00:00:00', 1, '0000-00-00 00:00:00', 0, 0, NULL),
(1002, 19, 2, 'lemoni', '143.00', 1, '0000-00-00 00:00:00', 1, '0000-00-00 00:00:00', 0, 0, NULL),
(1003, 19, 2, 'cool sky', '143.00', 1, '0000-00-00 00:00:00', 1, '0000-00-00 00:00:00', 0, 0, NULL),
(1004, 19, 2, 'irish bery', '143.00', 1, '0000-00-00 00:00:00', 1, '0000-00-00 00:00:00', 0, 0, NULL),
(1005, 19, 2, 'fresh lime soda', '67.00', 1, '0000-00-00 00:00:00', 1, '0000-00-00 00:00:00', 0, 0, NULL),
(1006, 20, 2, 'vanilla shake', '105.00', 1, '0000-00-00 00:00:00', 1, '0000-00-00 00:00:00', 0, 0, NULL),
(1007, 20, 2, 'strawberry shake', '114.00', 1, '0000-00-00 00:00:00', 1, '0000-00-00 00:00:00', 0, 0, NULL),
(1008, 20, 2, 'chocolate shake', '114.00', 1, '0000-00-00 00:00:00', 1, '0000-00-00 00:00:00', 0, 0, NULL),
(1009, 20, 2, 'orio milkshake', '124.00', 1, '0000-00-00 00:00:00', 1, '0000-00-00 00:00:00', 0, 0, NULL),
(1010, 20, 2, 'coldcoffee', '105.00', 1, '0000-00-00 00:00:00', 1, '0000-00-00 00:00:00', 0, 0, NULL),
(1011, 20, 2, 'coldcoffee with icecream', '124.00', 1, '0000-00-00 00:00:00', 1, '0000-00-00 00:00:00', 0, 0, NULL),
(1012, 20, 2, 'mocha cold coffee ', '143.00', 1, '0000-00-00 00:00:00', 1, '0000-00-00 00:00:00', 0, 0, NULL),
(1013, 20, 2, 'popcorn cold coffee', '143.00', 1, '0000-00-00 00:00:00', 1, '0000-00-00 00:00:00', 0, 0, NULL),
(1014, 20, 2, 'hazelnut cold coffee', '143.00', 1, '0000-00-00 00:00:00', 1, '0000-00-00 00:00:00', 0, 0, NULL),
(1015, 20, 2, 'mango cheesecake shake', '143.00', 1, '0000-00-00 00:00:00', 1, '0000-00-00 00:00:00', 0, 1, NULL),
(1016, 20, 2, 'bubblegum shake', '143.00', 1, '0000-00-00 00:00:00', 1, '0000-00-00 00:00:00', 0, 0, NULL),
(1017, 20, 2, 'tea ', '38.00', 1, '0000-00-00 00:00:00', 1, '0000-00-00 00:00:00', 0, 0, NULL),
(1018, 20, 2, 'filter coffee', '57.00', 1, '0000-00-00 00:00:00', 1, '0000-00-00 00:00:00', 0, 0, NULL),
(1019, 21, 2, 'thumsup', '29.00', 1, '0000-00-00 00:00:00', 1, '0000-00-00 00:00:00', 0, 1, NULL),
(1020, 21, 2, 'coke', '29.00', 1, '0000-00-00 00:00:00', 1, '0000-00-00 00:00:00', 0, 0, NULL),
(1021, 21, 2, 'limca', '29.00', 1, '0000-00-00 00:00:00', 1, '0000-00-00 00:00:00', 0, 0, NULL),
(1022, 21, 2, 'fanta', '29.00', 1, '0000-00-00 00:00:00', 1, '0000-00-00 00:00:00', 0, 0, NULL),
(1023, 21, 2, 'sprite', '29.00', 1, '0000-00-00 00:00:00', 1, '0000-00-00 00:00:00', 0, 0, NULL),
(1024, 21, 2, 'mazza', '29.00', 1, '0000-00-00 00:00:00', 1, '0000-00-00 00:00:00', 0, 0, NULL),
(1025, 22, 2, 'mineral water', '19.00', 0, '0000-00-00 00:00:00', 1, '0000-00-00 00:00:00', 0, 1, NULL),
(1026, 22, 2, 'fresh lime water', '47.00', 1, '0000-00-00 00:00:00', 1, '0000-00-00 00:00:00', 0, 0, NULL),
(1027, 23, 2, 'dahi wada', '133.00', 1, '0000-00-00 00:00:00', 1, '0000-00-00 00:00:00', 0, 0, NULL),
(1028, 23, 2, 'butter milk', '47.00', 1, '0000-00-00 00:00:00', 1, '0000-00-00 00:00:00', 0, 0, NULL),
(1029, 23, 2, 'lassi', '57.00', 1, '0000-00-00 00:00:00', 1, '0000-00-00 00:00:00', 0, 0, NULL);

-- --------------------------------------------------------

--
-- Table structure for table `item_categories`
--

CREATE TABLE `item_categories` (
  `id` int(11) NOT NULL,
  `name` varchar(100) NOT NULL,
  `is_deleted` tinyint(1) NOT NULL DEFAULT '0' COMMENT '0 = active, 1 = deleted'
) ENGINE=InnoDB DEFAULT CHARSET=latin1;

--
-- Dumping data for table `item_categories`
--

INSERT INTO `item_categories` (`id`, `name`, `is_deleted`) VALUES
(1, 'DOSA', 0),
(2, 'UTTAPAM', 0),
(3, 'RICE', 0),
(4, 'IDLI', 0),
(5, 'WADA', 0),
(6, 'MUMBAI PAV BHAJI', 0),
(7, 'CHINESE', 0),
(8, 'BEVERAGE', 0),
(9, 'PIZZA', 0);

-- --------------------------------------------------------

--
-- Table structure for table `item_rows`
--

CREATE TABLE `item_rows` (
  `id` int(11) NOT NULL,
  `item_id` int(11) NOT NULL,
  `raw_material_id` int(11) NOT NULL,
  `quantity` decimal(10,2) NOT NULL
) ENGINE=InnoDB DEFAULT CHARSET=latin1;

--
-- Dumping data for table `item_rows`
--

INSERT INTO `item_rows` (`id`, `item_id`, `raw_material_id`, `quantity`) VALUES
(5, 5, 1, '0.00'),
(6, 6, 1, '0.00'),
(7, 7, 1, '0.00'),
(8, 8, 1, '0.00'),
(9, 9, 1, '0.00'),
(10, 10, 1, '0.00'),
(11, 11, 1, '0.00'),
(12, 12, 1, '0.00'),
(13, 13, 1, '0.00'),
(14, 14, 1, '0.00'),
(15, 15, 1, '0.00'),
(16, 16, 1, '0.00'),
(17, 17, 1, '0.00'),
(18, 18, 1, '0.00'),
(19, 19, 1, '0.00'),
(20, 20, 1, '0.00'),
(21, 21, 1, '0.00'),
(22, 22, 1, '0.00'),
(23, 23, 1, '0.00'),
(24, 24, 1, '0.00'),
(25, 25, 1, '0.00'),
(26, 26, 1, '0.00'),
(27, 27, 1, '0.00'),
(28, 28, 1, '0.00'),
(29, 29, 1, '0.00'),
(30, 30, 1, '0.00'),
(31, 31, 1, '0.00'),
(32, 32, 1, '0.00'),
(33, 33, 1, '0.00'),
(34, 34, 1, '0.00'),
(35, 35, 1, '0.00'),
(36, 36, 1, '0.00'),
(37, 37, 1, '0.00'),
(38, 38, 1, '0.00'),
(39, 39, 1, '0.00'),
(40, 40, 1, '0.00'),
(41, 41, 1, '0.00'),
(42, 42, 1, '0.00'),
(43, 43, 1, '0.00'),
(44, 44, 1, '0.00'),
(45, 45, 1, '0.00'),
(46, 46, 1, '0.00'),
(47, 47, 1, '0.00'),
(48, 48, 1, '0.00'),
(49, 49, 1, '0.00'),
(50, 50, 1, '0.00'),
(51, 51, 1, '0.00'),
(52, 52, 1, '0.00'),
(53, 53, 1, '0.00'),
(54, 54, 1, '0.00'),
(55, 55, 1, '0.00'),
(56, 56, 1, '0.00'),
(57, 57, 1, '0.00'),
(58, 58, 1, '0.00'),
(59, 59, 1, '0.00'),
(61, 60, 1, '0.00'),
(62, 61, 1, '0.00'),
(63, 62, 1, '0.00'),
(64, 63, 1, '0.00'),
(65, 64, 1, '0.00'),
(66, 65, 1, '0.00'),
(67, 66, 1, '0.00'),
(68, 67, 1, '0.00'),
(69, 68, 1, '0.00'),
(70, 69, 1, '0.00'),
(71, 70, 1, '0.00'),
(72, 71, 1, '0.00'),
(73, 72, 1, '0.00'),
(74, 73, 1, '0.00'),
(75, 74, 1, '0.00'),
(76, 75, 1, '0.00'),
(77, 76, 1, '0.00'),
(78, 77, 1, '0.00'),
(79, 78, 1, '0.00'),
(80, 79, 1, '0.00'),
(81, 80, 1, '0.00'),
(82, 81, 1, '0.00'),
(83, 82, 1, '0.00'),
(84, 83, 1, '0.00'),
(85, 84, 1, '0.00'),
(86, 85, 1, '0.00'),
(87, 86, 1, '0.00'),
(88, 87, 1, '0.00'),
(89, 88, 1, '0.00'),
(90, 89, 1, '0.00'),
(91, 90, 1, '0.00'),
(92, 91, 1, '0.00'),
(93, 92, 1, '0.00'),
(94, 93, 1, '0.00'),
(95, 94, 1, '0.00'),
(96, 95, 1, '0.00'),
(97, 96, 1, '0.00'),
(98, 97, 1, '0.00'),
(99, 98, 1, '0.00'),
(100, 99, 1, '0.00'),
(101, 100, 1, '0.00'),
(102, 101, 1, '0.00'),
(103, 102, 1, '0.00'),
(104, 103, 1, '0.00'),
(105, 104, 1, '0.00'),
(106, 105, 1, '0.00'),
(107, 106, 1, '0.00'),
(108, 107, 1, '0.00'),
(109, 108, 1, '0.00'),
(110, 109, 1, '0.00'),
(111, 110, 1, '0.00'),
(112, 111, 1, '0.00'),
(113, 112, 1, '0.00'),
(114, 113, 1, '0.00'),
(115, 114, 1, '0.00'),
(116, 115, 1, '0.00'),
(117, 116, 1, '0.00'),
(118, 117, 1, '0.00'),
(119, 118, 1, '0.00'),
(120, 119, 1, '0.00'),
(121, 120, 1, '0.00'),
(122, 121, 1, '0.00'),
(123, 122, 1, '0.00'),
(124, 123, 1, '0.00'),
(125, 124, 1, '0.00'),
(126, 125, 1, '0.00'),
(127, 126, 1, '0.00'),
(128, 127, 1, '0.00'),
(129, 128, 1, '0.00'),
(130, 129, 1, '0.00'),
(131, 130, 1, '0.00'),
(132, 131, 1, '0.00'),
(133, 132, 1, '0.00'),
(134, 133, 1, '0.00'),
(135, 134, 1, '0.00'),
(136, 135, 1, '0.00'),
(137, 136, 1, '0.00'),
(138, 137, 1, '0.00'),
(139, 138, 1, '0.00'),
(140, 139, 1, '0.00'),
(141, 140, 1, '0.00'),
(142, 141, 1, '0.00'),
(143, 142, 1, '0.00'),
(144, 143, 1, '0.00'),
(145, 144, 1, '0.00'),
(146, 145, 1, '0.00'),
(147, 146, 1, '0.00'),
(148, 147, 1, '0.00'),
(153, 1, 1, '0.00'),
(154, 2, 1, '0.00'),
(155, 3, 1, '0.00'),
(156, 4, 1, '0.00');

-- --------------------------------------------------------

--
-- Table structure for table `item_sub_categories`
--

CREATE TABLE `item_sub_categories` (
  `id` int(11) NOT NULL,
  `item_category_id` int(11) NOT NULL,
  `name` varchar(100) NOT NULL,
  `is_deleted` tinyint(1) NOT NULL COMMENT '0 = active, 1 = deleted'
) ENGINE=InnoDB DEFAULT CHARSET=latin1;

--
-- Dumping data for table `item_sub_categories`
--

INSERT INTO `item_sub_categories` (`id`, `item_category_id`, `name`, `is_deleted`) VALUES
(1, 1, 'sada /thin n crispy', 0),
(2, 1, 'masala', 0),
(3, 1, 'paneer', 0),
(4, 1, 'vegitable', 0),
(5, 1, 'noodles', 0),
(6, 2, 'Special Uttapam', 0),
(7, 2, 'Healthy Uttapam', 0),
(8, 3, 'southindian rice', 0),
(9, 4, 'south indian idli', 0),
(10, 4, 'chinese idli', 0),
(11, 5, 'south india wada', 0),
(12, 6, 'pav bhaji', 0),
(13, 7, 'soup', 0),
(14, 7, 'starters', 0),
(15, 7, 'paneer ', 0),
(16, 7, 'noodles', 0),
(17, 7, 'chinese rice', 0),
(18, 7, 'sizzlers', 0),
(19, 8, 'soda', 0),
(20, 8, 'milk', 0),
(21, 8, 'soft drink', 0),
(22, 8, 'water', 0),
(23, 8, 'dahi', 0),
(24, 9, 'WOOD FIRED PIZZA', 0);

-- --------------------------------------------------------

--
-- Table structure for table `kots`
--

CREATE TABLE `kots` (
  `id` int(10) NOT NULL,
  `voucher_no` varchar(100) NOT NULL,
  `table_id` int(10) NOT NULL,
  `bill_pending` varchar(10) NOT NULL DEFAULT 'yes',
  `created_on` datetime NOT NULL DEFAULT CURRENT_TIMESTAMP,
  `bill_id` int(10) DEFAULT NULL,
  `one_comment` text NOT NULL,
  `order_type` varchar(20) NOT NULL,
  `is_deleted` tinyint(1) NOT NULL,
  `delete_time` timestamp NULL DEFAULT NULL
) ENGINE=InnoDB DEFAULT CHARSET=latin1;

--
-- Dumping data for table `kots`
--

INSERT INTO `kots` (`id`, `voucher_no`, `table_id`, `bill_pending`, `created_on`, `bill_id`, `one_comment`, `order_type`, `is_deleted`, `delete_time`) VALUES
(1, '1', 1, 'no', '2018-09-01 14:37:27', 1, '', 'dinner', 0, NULL),
(2, '1', 2, 'no', '2018-09-01 14:56:43', 2, '', 'dinner', 0, NULL),
(3, '2', 2, 'no', '2018-09-01 14:56:53', 2, '', 'dinner', 0, NULL),
(4, '1', 1, 'no', '2018-09-01 15:55:52', 6, '', 'dinner', 0, NULL),
(5, '1', 1, 'no', '2018-09-01 15:56:18', 7, '', 'dinner', 0, NULL);

-- --------------------------------------------------------

--
-- Table structure for table `kot_rows`
--

CREATE TABLE `kot_rows` (
  `id` int(10) NOT NULL,
  `kot_id` int(10) NOT NULL,
  `item_id` int(10) NOT NULL,
  `quantity` decimal(10,2) NOT NULL,
  `rate` decimal(10,2) NOT NULL,
  `amount` decimal(10,2) NOT NULL,
  `item_comment` text NOT NULL,
  `is_deleted` tinyint(1) NOT NULL,
  `delete_time` timestamp NULL DEFAULT NULL,
  `delete_comment` text NOT NULL
) ENGINE=InnoDB DEFAULT CHARSET=latin1;

--
-- Dumping data for table `kot_rows`
--

INSERT INTO `kot_rows` (`id`, `kot_id`, `item_id`, `quantity`, `rate`, `amount`, `item_comment`, `is_deleted`, `delete_time`, `delete_comment`) VALUES
(1, 1, 1, '1.00', '133.00', '133.00', '', 0, NULL, ''),
(2, 1, 2, '1.00', '152.00', '152.00', '', 0, NULL, ''),
(3, 1, 3, '1.00', '152.00', '152.00', '', 0, NULL, ''),
(4, 1, 4, '2.00', '105.00', '105.00', '', 0, NULL, ''),
(5, 2, 3, '1.00', '152.00', '152.00', '', 0, NULL, ''),
(6, 2, 150, '1.00', '152.00', '152.00', '', 0, NULL, ''),
(7, 2, 2, '3.00', '152.00', '152.00', '', 0, NULL, ''),
(8, 2, 1, '1.00', '133.00', '133.00', '', 0, NULL, ''),
(9, 3, 150, '3.00', '152.00', '456.00', '', 0, NULL, ''),
(10, 3, 151, '1.00', '105.00', '105.00', '', 0, NULL, ''),
(11, 3, 3, '1.00', '152.00', '152.00', '', 0, NULL, ''),
(12, 3, 5, '1.00', '86.00', '86.00', '', 0, NULL, ''),
(13, 3, 152, '1.00', '86.00', '86.00', '', 0, NULL, ''),
(14, 3, 6, '1.00', '105.00', '105.00', '', 0, NULL, ''),
(15, 4, 148, '1.00', '133.00', '133.00', '', 0, NULL, ''),
(16, 4, 2, '1.00', '152.00', '152.00', '', 0, NULL, ''),
(17, 4, 149, '1.00', '152.00', '152.00', '', 0, NULL, ''),
(18, 4, 150, '1.00', '152.00', '152.00', '', 0, NULL, ''),
(19, 5, 2, '1.00', '152.00', '152.00', '', 0, NULL, ''),
(20, 5, 3, '1.00', '152.00', '152.00', '', 0, NULL, ''),
(21, 5, 4, '1.00', '105.00', '105.00', '', 0, NULL, '');

-- --------------------------------------------------------

--
-- Table structure for table `offer_codes`
--

CREATE TABLE `offer_codes` (
  `id` int(10) NOT NULL,
  `offer_name` varchar(100) NOT NULL,
  `offer_code` varchar(100) NOT NULL,
  `is_enabled` tinyint(1) NOT NULL DEFAULT '1' COMMENT '1=enabled, 0=disabled',
  `discount_per` decimal(4,2) NOT NULL
) ENGINE=InnoDB DEFAULT CHARSET=latin1;

--
-- Dumping data for table `offer_codes`
--

INSERT INTO `offer_codes` (`id`, `offer_name`, `offer_code`, `is_enabled`, `discount_per`) VALUES
(1, 'Bumper Offer', 'BUMP1234', 0, '44.00'),
(2, 'asd', 'sadsa234', 1, '99.99'),
(3, 'Rakhi offer', 'RAKHI25', 1, '99.99'),
(4, 'dsf', 'asd sadsadsadsad as ad3432 234', 0, '3.00');

-- --------------------------------------------------------

--
-- Table structure for table `purchase_vouchers`
--

CREATE TABLE `purchase_vouchers` (
  `id` int(11) NOT NULL,
  `voucher_no` int(255) NOT NULL,
  `transaction_date` date NOT NULL,
  `vendor_id` int(50) NOT NULL,
  `grand_total` decimal(15,0) NOT NULL
) ENGINE=InnoDB DEFAULT CHARSET=latin1;

--
-- Dumping data for table `purchase_vouchers`
--

INSERT INTO `purchase_vouchers` (`id`, `voucher_no`, `transaction_date`, `vendor_id`, `grand_total`) VALUES
(1, 1, '2018-08-29', 1, '3000');

-- --------------------------------------------------------

--
-- Table structure for table `purchase_voucher_rows`
--

CREATE TABLE `purchase_voucher_rows` (
  `id` int(11) NOT NULL,
  `raw_material_id` int(50) NOT NULL,
  `quantity` decimal(8,2) DEFAULT NULL,
  `rate` decimal(15,2) DEFAULT NULL,
  `discount_per` decimal(8,2) DEFAULT NULL,
  `discount_amt` decimal(15,2) DEFAULT NULL,
  `tax_per` decimal(8,2) DEFAULT NULL,
  `tax_amt` decimal(15,2) DEFAULT NULL,
  `round_off` decimal(15,2) DEFAULT NULL,
  `net_amt_total` decimal(15,2) DEFAULT NULL,
  `purchase_voucher_id` int(50) NOT NULL,
  `taxable_value` decimal(10,2) NOT NULL DEFAULT '0.00'
) ENGINE=InnoDB DEFAULT CHARSET=latin1;

--
-- Dumping data for table `purchase_voucher_rows`
--

INSERT INTO `purchase_voucher_rows` (`id`, `raw_material_id`, `quantity`, `rate`, `discount_per`, `discount_amt`, `tax_per`, `tax_amt`, `round_off`, `net_amt_total`, `purchase_voucher_id`, `taxable_value`) VALUES
(1, 1, '100.00', '30.00', NULL, NULL, '0.00', '0.00', NULL, '3000.00', 1, '3000.00');

-- --------------------------------------------------------

--
-- Table structure for table `raw_materials`
--

CREATE TABLE `raw_materials` (
  `id` int(10) NOT NULL,
  `name` varchar(255) NOT NULL,
  `tax_id` int(22) NOT NULL,
  `primary_unit_id` int(11) NOT NULL COMMENT 'Unit Conversion Id',
  `has_secondary_unit` tinyint(1) NOT NULL COMMENT '1 for yes, 0 for not',
  `secondary_unit_id` int(11) NOT NULL COMMENT 'Unit Conversion Id',
  `formula` decimal(10,2) NOT NULL,
  `purchase_voucher_unit_type` varchar(20) NOT NULL,
  `recipe_unit_type` varchar(20) NOT NULL,
  `is_deleted` tinyint(1) NOT NULL
) ENGINE=InnoDB DEFAULT CHARSET=latin1;

--
-- Dumping data for table `raw_materials`
--

INSERT INTO `raw_materials` (`id`, `name`, `tax_id`, `primary_unit_id`, `has_secondary_unit`, `secondary_unit_id`, `formula`, `purchase_voucher_unit_type`, `recipe_unit_type`, `is_deleted`) VALUES
(1, 'Dummy', 1, 3, 0, 0, '0.00', 'primary', 'primary', 0),
(2, 'Raw Material 1', 2, 1, 1, 2, '1000.00', 'primary', 'secondary', 0),
(3, 'Raw Material 2', 2, 1, 0, 2, '0.00', 'primary', 'secondary', 0),
(4, 'Raw Material 3', 2, 3, 0, 2, '0.00', 'primary', 'secondary', 0),
(5, 'Raw Material 4', 2, 3, 0, 2, '0.00', 'primary', 'secondary', 0);

-- --------------------------------------------------------

--
-- Table structure for table `sessions`
--

CREATE TABLE `sessions` (
  `id` varchar(255) NOT NULL,
  `data` blob NOT NULL,
  `expires` int(11) NOT NULL
) ENGINE=InnoDB DEFAULT CHARSET=utf8;

--
-- Dumping data for table `sessions`
--

INSERT INTO `sessions` (`id`, `data`, `expires`) VALUES
('btrg3dl2fls2s8un3rd1pphdn2', 0x436f6e6669677c613a313a7b733a343a2274696d65223b693a313533353935393938373b7d466c6173687c613a303a7b7d417574687c613a313a7b733a343a2255736572223b4f3a32313a224170705c4d6f64656c5c456e746974795c55736572223a31313a7b733a31343a22002a005f61636365737369626c65223b613a343a7b733a343a226e616d65223b623a313b733a383a22757365726e616d65223b623a313b733a383a2270617373776f7264223b623a313b733a343a22726f6c65223b623a313b7d733a31303a22002a005f68696464656e223b613a313a7b693a303b733a383a2270617373776f7264223b7d733a31343a22002a005f70726f70657274696573223b613a353a7b733a323a226964223b693a313b733a343a226e616d65223b733a31343a22416268696c617368204c6f686172223b733a383a22757365726e616d65223b733a353a2261646d696e223b733a383a2270617373776f7264223b733a36303a22243279243130246b6e5077474d72526430776a31332f4a486c574f722e4351646441426b3038694e6a586a66413750355753666936425a3667694d4b223b733a343a22726f6c65223b733a353a2261646d696e223b7d733a31323a22002a005f6f726967696e616c223b613a303a7b7d733a31313a22002a005f7669727475616c223b613a303a7b7d733a31333a22002a005f636c6173734e616d65223b4e3b733a393a22002a005f6469727479223b613a303a7b7d733a373a22002a005f6e6577223b623a303b733a31303a22002a005f6572726f7273223b613a303a7b7d733a31313a22002a005f696e76616c6964223b613a303a7b7d733a31373a22002a005f7265676973747279416c696173223b733a353a225573657273223b7d7d, 1535959987),
('dod1ale4b5do5kcrld2hv3f0a1', 0x436f6e6669677c613a313a7b733a343a2274696d65223b693a313533353838333135373b7d466c6173687c613a313a7b733a353a22666c617368223b613a313a7b693a303b613a343a7b733a373a226d657373616765223b733a34373a22596f7520617265206e6f7420617574686f72697a656420746f206163636573732074686174206c6f636174696f6e2e223b733a333a226b6579223b733a353a22666c617368223b733a373a22656c656d656e74223b733a31313a22466c6173682f6572726f72223b733a363a22706172616d73223b613a313a7b733a353a22636c617373223b733a353a226572726f72223b7d7d7d7d, 1535883160),
('ivbko7j2vngmsb4v3i2l6tkr46', 0x436f6e6669677c613a313a7b733a343a2274696d65223b693a313533353830373036333b7d466c6173687c613a303a7b7d417574687c613a313a7b733a343a2255736572223b4f3a32313a224170705c4d6f64656c5c456e746974795c55736572223a31313a7b733a31343a22002a005f61636365737369626c65223b613a343a7b733a343a226e616d65223b623a313b733a383a22757365726e616d65223b623a313b733a383a2270617373776f7264223b623a313b733a343a22726f6c65223b623a313b7d733a31303a22002a005f68696464656e223b613a313a7b693a303b733a383a2270617373776f7264223b7d733a31343a22002a005f70726f70657274696573223b613a353a7b733a323a226964223b693a313b733a343a226e616d65223b733a31343a22416268696c617368204c6f686172223b733a383a22757365726e616d65223b733a353a2261646d696e223b733a383a2270617373776f7264223b733a36303a22243279243130246b6e5077474d72526430776a31332f4a486c574f722e4351646441426b3038694e6a586a66413750355753666936425a3667694d4b223b733a343a22726f6c65223b733a353a2261646d696e223b7d733a31323a22002a005f6f726967696e616c223b613a303a7b7d733a31313a22002a005f7669727475616c223b613a303a7b7d733a31333a22002a005f636c6173734e616d65223b4e3b733a393a22002a005f6469727479223b613a303a7b7d733a373a22002a005f6e6577223b623a303b733a31303a22002a005f6572726f7273223b613a303a7b7d733a31313a22002a005f696e76616c6964223b613a303a7b7d733a31373a22002a005f7265676973747279416c696173223b733a353a225573657273223b7d7d, 1535807063),
('jvsebgbuha4hq3hpisbd2rfqh0', 0x436f6e6669677c613a313a7b733a343a2274696d65223b693a313533353935313537383b7d466c6173687c613a313a7b733a353a22666c617368223b613a313a7b693a303b613a343a7b733a373a226d657373616765223b733a34373a22596f7520617265206e6f7420617574686f72697a656420746f206163636573732074686174206c6f636174696f6e2e223b733a333a226b6579223b733a353a22666c617368223b733a373a22656c656d656e74223b733a31313a22466c6173682f6572726f72223b733a363a22706172616d73223b613a313a7b733a353a22636c617373223b733a353a226572726f72223b7d7d7d7d, 1535951581),
('pukcu4fq49mdq74f11cm8bis90', 0x436f6e6669677c613a313a7b733a343a2274696d65223b693a313533353836313435313b7d466c6173687c613a313a7b733a353a22666c617368223b613a313a7b693a303b613a343a7b733a373a226d657373616765223b733a34373a22596f7520617265206e6f7420617574686f72697a656420746f206163636573732074686174206c6f636174696f6e2e223b733a333a226b6579223b733a353a22666c617368223b733a373a22656c656d656e74223b733a31313a22466c6173682f6572726f72223b733a363a22706172616d73223b613a313a7b733a353a22636c617373223b733a353a226572726f72223b7d7d7d7d, 1535861457),
('se2oqg5444h3jl9k185kcmtml3', 0x436f6e6669677c613a313a7b733a343a2274696d65223b693a313533353839303539323b7d466c6173687c613a313a7b733a353a22666c617368223b613a313a7b693a303b613a343a7b733a373a226d657373616765223b733a34373a22596f7520617265206e6f7420617574686f72697a656420746f206163636573732074686174206c6f636174696f6e2e223b733a333a226b6579223b733a353a22666c617368223b733a373a22656c656d656e74223b733a31313a22466c6173682f6572726f72223b733a363a22706172616d73223b613a313a7b733a353a22636c617373223b733a353a226572726f72223b7d7d7d7d, 1535890593);

-- --------------------------------------------------------

--
-- Table structure for table `stock_ledgers`
--

CREATE TABLE `stock_ledgers` (
  `id` int(10) NOT NULL,
  `transaction_date` date NOT NULL,
  `raw_material_id` int(50) NOT NULL,
  `quantity` decimal(10,2) NOT NULL,
  `rate` decimal(10,2) NOT NULL,
  `status` varchar(10) NOT NULL,
  `effected_on` timestamp NOT NULL DEFAULT CURRENT_TIMESTAMP,
  `voucher_name` varchar(50) NOT NULL,
  `is_wastage` tinyint(1) NOT NULL DEFAULT '0',
  `adjustment_commant` varchar(50) NOT NULL,
  `wastage_commant` varchar(50) NOT NULL,
  `purchase_voucher_row_id` int(10) NOT NULL,
  `purchase_voucher_id` int(10) NOT NULL,
  `bill_id` int(10) NOT NULL,
  `bill_row_id` int(10) NOT NULL
) ENGINE=InnoDB DEFAULT CHARSET=latin1;

--
-- Dumping data for table `stock_ledgers`
--

INSERT INTO `stock_ledgers` (`id`, `transaction_date`, `raw_material_id`, `quantity`, `rate`, `status`, `effected_on`, `voucher_name`, `is_wastage`, `adjustment_commant`, `wastage_commant`, `purchase_voucher_row_id`, `purchase_voucher_id`, `bill_id`, `bill_row_id`) VALUES
(1, '2018-08-31', 1, '0.00', '0.00', 'out', '2018-08-31 09:11:27', 'Bill', 0, '', '', 0, 0, 1, 1),
(2, '2018-08-31', 1, '0.00', '0.00', 'out', '2018-08-31 09:11:27', 'Bill', 0, '', '', 0, 0, 1, 2),
(3, '2018-08-31', 1, '0.00', '0.00', 'out', '2018-08-31 09:11:27', 'Bill', 0, '', '', 0, 0, 1, 3),
(4, '2018-08-31', 1, '0.00', '0.00', 'out', '2018-08-31 09:11:28', 'Bill', 0, '', '', 0, 0, 1, 4),
(7, '2018-09-01', 1, '0.00', '0.00', 'out', '2018-09-01 09:08:12', 'Bill', 0, '', '', 0, 0, 1, 1),
(8, '2018-09-01', 1, '0.00', '0.00', 'out', '2018-09-01 09:08:12', 'Bill', 0, '', '', 0, 0, 1, 2),
(9, '2018-09-01', 1, '0.00', '0.00', 'out', '2018-09-01 09:08:12', 'Bill', 0, '', '', 0, 0, 1, 3),
(10, '2018-09-01', 1, '0.00', '0.00', 'out', '2018-09-01 09:08:12', 'Bill', 0, '', '', 0, 0, 1, 4),
(16, '2018-09-01', 1, '0.00', '0.00', 'out', '2018-09-01 09:28:49', 'Bill', 0, '', '', 0, 0, 2, 13),
(17, '2018-09-01', 1, '0.00', '0.00', 'out', '2018-09-01 09:28:49', 'Bill', 0, '', '', 0, 0, 2, 15),
(18, '2018-09-01', 1, '0.00', '0.00', 'out', '2018-09-01 09:28:49', 'Bill', 0, '', '', 0, 0, 2, 16),
(19, '2018-09-01', 1, '0.00', '0.00', 'out', '2018-09-01 09:28:49', 'Bill', 0, '', '', 0, 0, 2, 18),
(20, '2018-09-01', 1, '0.00', '0.00', 'out', '2018-09-01 09:28:49', 'Bill', 0, '', '', 0, 0, 2, 20),
(21, '2018-09-01', 1, '0.00', '0.00', 'out', '2018-09-01 10:26:03', 'Bill', 0, '', '', 0, 0, 6, 22),
(22, '2018-09-01', 1, '0.00', '0.00', 'out', '2018-09-01 10:26:58', 'Bill', 0, '', '', 0, 0, 7, 25),
(23, '2018-09-01', 1, '0.00', '0.00', 'out', '2018-09-01 10:26:58', 'Bill', 0, '', '', 0, 0, 7, 26),
(24, '2018-09-01', 1, '0.00', '0.00', 'out', '2018-09-01 10:26:58', 'Bill', 0, '', '', 0, 0, 7, 27),
(25, '2018-08-29', 1, '100.00', '30.00', 'in', '2018-09-03 07:24:10', 'Purchase Voucher', 0, '', '', 1, 1, 0, 0);

-- --------------------------------------------------------

--
-- Table structure for table `tables`
--

CREATE TABLE `tables` (
  `id` int(10) NOT NULL,
  `name` varchar(100) NOT NULL,
  `status` varchar(30) NOT NULL,
  `c_name` varchar(255) DEFAULT NULL,
  `c_mobile` varchar(10) DEFAULT NULL,
  `no_of_pax` int(10) DEFAULT NULL,
  `occupied_time` timestamp NULL DEFAULT NULL,
  `dob` date NOT NULL,
  `doa` date NOT NULL,
  `email` varchar(255) NOT NULL,
  `c_address` text NOT NULL,
  `employee_id` int(10) NOT NULL,
  `payment_status` varchar(10) NOT NULL,
  `bill_id` int(11) NOT NULL,
  `customer_id` int(10) DEFAULT NULL
) ENGINE=InnoDB DEFAULT CHARSET=latin1;

--
-- Dumping data for table `tables`
--

INSERT INTO `tables` (`id`, `name`, `status`, `c_name`, `c_mobile`, `no_of_pax`, `occupied_time`, `dob`, `doa`, `email`, `c_address`, `employee_id`, `payment_status`, `bill_id`, `customer_id`) VALUES
(1, '101', 'vacant', '', '', NULL, '0000-00-00 00:00:00', '0000-00-00', '0000-00-00', '', '', 0, '', 0, NULL),
(2, '102', 'vacant', '', '', NULL, '0000-00-00 00:00:00', '0000-00-00', '0000-00-00', '', '', 0, '', 0, NULL),
(3, '103', 'vacant', '', '', NULL, '0000-00-00 00:00:00', '0000-00-00', '0000-00-00', '', '', 0, '', 0, NULL),
(4, '104', 'vacant', '', '', 0, '0000-00-00 00:00:00', '0000-00-00', '0000-00-00', '', '', 0, '', 0, NULL),
(5, '105', 'vacant', '', '', 0, '0000-00-00 00:00:00', '0000-00-00', '0000-00-00', '', '', 0, '', 0, NULL),
(6, '106', 'vacant', '', '', NULL, '0000-00-00 00:00:00', '0000-00-00', '0000-00-00', '', '', 0, '', 0, NULL),
(7, '107', 'vacant', '', '', NULL, '0000-00-00 00:00:00', '0000-00-00', '0000-00-00', '', '', 0, '', 0, NULL),
(8, '108', 'vacant', '', '', NULL, '0000-00-00 00:00:00', '0000-00-00', '0000-00-00', '', '', 0, '', 0, NULL),
(9, '109', 'vacant', '', '', NULL, '0000-00-00 00:00:00', '0000-00-00', '0000-00-00', '', '', 0, '', 0, NULL),
(10, '110', 'vacant', '', '', NULL, '0000-00-00 00:00:00', '0000-00-00', '0000-00-00', '', '', 0, '', 0, NULL),
(11, '111', 'vacant', '', '', NULL, '0000-00-00 00:00:00', '0000-00-00', '0000-00-00', '', '', 0, '', 0, NULL),
(12, '112', 'vacant', '', '', NULL, '0000-00-00 00:00:00', '0000-00-00', '0000-00-00', '', '', 0, '', 0, NULL),
(13, '113', 'vacant', '', '', 0, '0000-00-00 00:00:00', '0000-00-00', '0000-00-00', '', '', 0, '', 0, NULL),
(14, '114', 'vacant', '', '', NULL, '0000-00-00 00:00:00', '0000-00-00', '0000-00-00', '', '', 0, '', 0, NULL),
(15, '115', 'vacant', '', '', NULL, '0000-00-00 00:00:00', '0000-00-00', '0000-00-00', '', '', 0, '', 0, NULL),
(16, '116', 'vacant', '', '', NULL, '0000-00-00 00:00:00', '0000-00-00', '0000-00-00', '', '', 0, '', 0, NULL),
(17, '117', 'vacant', NULL, NULL, NULL, '0000-00-00 00:00:00', '0000-00-00', '0000-00-00', '', '', 0, '', 0, NULL),
(18, '118', 'vacant', '', '', NULL, '0000-00-00 00:00:00', '0000-00-00', '0000-00-00', '', '', 0, '', 0, NULL),
(19, '119', 'vacant', NULL, NULL, NULL, '0000-00-00 00:00:00', '0000-00-00', '0000-00-00', '', '', 0, '', 0, NULL),
(20, '120', 'vacant', '', '', NULL, '0000-00-00 00:00:00', '0000-00-00', '0000-00-00', '', '', 0, '', 0, NULL);

-- --------------------------------------------------------

--
-- Table structure for table `taxes`
--

CREATE TABLE `taxes` (
  `id` int(10) NOT NULL,
  `name` varchar(20) NOT NULL,
  `tax_per` decimal(5,2) NOT NULL,
  `status` varchar(20) NOT NULL
) ENGINE=InnoDB DEFAULT CHARSET=latin1;

--
-- Dumping data for table `taxes`
--

INSERT INTO `taxes` (`id`, `name`, `tax_per`, `status`) VALUES
(1, '0%', '0.00', ''),
(2, '5%', '5.00', '');

-- --------------------------------------------------------

--
-- Table structure for table `units`
--

CREATE TABLE `units` (
  `id` int(11) NOT NULL,
  `name` varchar(100) NOT NULL,
  `is_deleted` tinyint(1) NOT NULL
) ENGINE=InnoDB DEFAULT CHARSET=latin1;

--
-- Dumping data for table `units`
--

INSERT INTO `units` (`id`, `name`, `is_deleted`) VALUES
(1, 'Kg', 0),
(2, 'Gm', 0),
(3, 'Pcs', 0);

-- --------------------------------------------------------

--
-- Table structure for table `users`
--

CREATE TABLE `users` (
  `id` int(10) NOT NULL,
  `name` varchar(100) NOT NULL,
  `username` varchar(255) NOT NULL,
  `password` varchar(255) NOT NULL,
  `role` varchar(30) NOT NULL
) ENGINE=InnoDB DEFAULT CHARSET=latin1;

--
-- Dumping data for table `users`
--

INSERT INTO `users` (`id`, `name`, `username`, `password`, `role`) VALUES
(1, 'Abhilash Lohar', 'admin', '$2y$10$knPwGMrRd0wj13/JHlWOr.CQddABk08iNjXjfA7P5WSfi6BZ6giMK', 'admin'),
(4, 'Counter', 'counter', '$2y$10$qECmG7n5/SWMFFhiwYXeCufmHrZpkgymPzotrPQcSKQULWeDr.r5S', 'counter');

-- --------------------------------------------------------

--
-- Table structure for table `vendors`
--

CREATE TABLE `vendors` (
  `id` int(11) NOT NULL,
  `name` varchar(100) NOT NULL,
  `contact_person` varchar(50) NOT NULL,
  `contact_number` varchar(15) NOT NULL,
  `address` text NOT NULL,
  `is_deleted` tinyint(1) NOT NULL COMMENT '0 = active, 1 = deleted'
) ENGINE=InnoDB DEFAULT CHARSET=latin1;

--
-- Dumping data for table `vendors`
--

INSERT INTO `vendors` (`id`, `name`, `contact_person`, `contact_number`, `address`, `is_deleted`) VALUES
(1, 'Vendor 1', '', '', '', 0);

-- --------------------------------------------------------

--
-- Table structure for table `vendor_items`
--

CREATE TABLE `vendor_items` (
  `id` int(11) NOT NULL,
  `vendor_id` int(11) NOT NULL,
  `raw_material_id` int(11) NOT NULL
) ENGINE=InnoDB DEFAULT CHARSET=latin1;

--
-- Indexes for dumped tables
--

--
-- Indexes for table `attendances`
--
ALTER TABLE `attendances`
  ADD PRIMARY KEY (`id`);

--
-- Indexes for table `bills`
--
ALTER TABLE `bills`
  ADD PRIMARY KEY (`id`);

--
-- Indexes for table `bill_rows`
--
ALTER TABLE `bill_rows`
  ADD PRIMARY KEY (`id`);

--
-- Indexes for table `comments`
--
ALTER TABLE `comments`
  ADD PRIMARY KEY (`id`);

--
-- Indexes for table `customers`
--
ALTER TABLE `customers`
  ADD PRIMARY KEY (`id`),
  ADD UNIQUE KEY `customer_code` (`customer_code`);

--
-- Indexes for table `designations`
--
ALTER TABLE `designations`
  ADD PRIMARY KEY (`id`);

--
-- Indexes for table `employees`
--
ALTER TABLE `employees`
  ADD PRIMARY KEY (`id`);

--
-- Indexes for table `items`
--
ALTER TABLE `items`
  ADD PRIMARY KEY (`id`);

--
-- Indexes for table `item_categories`
--
ALTER TABLE `item_categories`
  ADD PRIMARY KEY (`id`);

--
-- Indexes for table `item_rows`
--
ALTER TABLE `item_rows`
  ADD PRIMARY KEY (`id`);

--
-- Indexes for table `item_sub_categories`
--
ALTER TABLE `item_sub_categories`
  ADD PRIMARY KEY (`id`);

--
-- Indexes for table `kots`
--
ALTER TABLE `kots`
  ADD PRIMARY KEY (`id`);

--
-- Indexes for table `kot_rows`
--
ALTER TABLE `kot_rows`
  ADD PRIMARY KEY (`id`);

--
-- Indexes for table `offer_codes`
--
ALTER TABLE `offer_codes`
  ADD PRIMARY KEY (`id`);

--
-- Indexes for table `purchase_vouchers`
--
ALTER TABLE `purchase_vouchers`
  ADD PRIMARY KEY (`id`);

--
-- Indexes for table `purchase_voucher_rows`
--
ALTER TABLE `purchase_voucher_rows`
  ADD PRIMARY KEY (`id`);

--
-- Indexes for table `raw_materials`
--
ALTER TABLE `raw_materials`
  ADD PRIMARY KEY (`id`);

--
-- Indexes for table `sessions`
--
ALTER TABLE `sessions`
  ADD PRIMARY KEY (`id`);

--
-- Indexes for table `stock_ledgers`
--
ALTER TABLE `stock_ledgers`
  ADD PRIMARY KEY (`id`);

--
-- Indexes for table `tables`
--
ALTER TABLE `tables`
  ADD PRIMARY KEY (`id`);

--
-- Indexes for table `taxes`
--
ALTER TABLE `taxes`
  ADD PRIMARY KEY (`id`);

--
-- Indexes for table `units`
--
ALTER TABLE `units`
  ADD PRIMARY KEY (`id`);

--
-- Indexes for table `users`
--
ALTER TABLE `users`
  ADD PRIMARY KEY (`id`);

--
-- Indexes for table `vendors`
--
ALTER TABLE `vendors`
  ADD PRIMARY KEY (`id`);

--
-- Indexes for table `vendor_items`
--
ALTER TABLE `vendor_items`
  ADD PRIMARY KEY (`id`);

--
-- AUTO_INCREMENT for dumped tables
--

--
-- AUTO_INCREMENT for table `attendances`
--
ALTER TABLE `attendances`
  MODIFY `id` int(11) NOT NULL AUTO_INCREMENT, AUTO_INCREMENT=8;
--
-- AUTO_INCREMENT for table `bills`
--
ALTER TABLE `bills`
  MODIFY `id` int(10) NOT NULL AUTO_INCREMENT, AUTO_INCREMENT=8;
--
-- AUTO_INCREMENT for table `bill_rows`
--
ALTER TABLE `bill_rows`
  MODIFY `id` int(10) NOT NULL AUTO_INCREMENT, AUTO_INCREMENT=28;
--
-- AUTO_INCREMENT for table `comments`
--
ALTER TABLE `comments`
  MODIFY `id` int(10) NOT NULL AUTO_INCREMENT, AUTO_INCREMENT=5;
--
-- AUTO_INCREMENT for table `customers`
--
ALTER TABLE `customers`
  MODIFY `id` int(10) NOT NULL AUTO_INCREMENT, AUTO_INCREMENT=10;
--
-- AUTO_INCREMENT for table `designations`
--
ALTER TABLE `designations`
  MODIFY `id` int(11) NOT NULL AUTO_INCREMENT, AUTO_INCREMENT=2;
--
-- AUTO_INCREMENT for table `employees`
--
ALTER TABLE `employees`
  MODIFY `id` int(11) NOT NULL AUTO_INCREMENT, AUTO_INCREMENT=6;
--
-- AUTO_INCREMENT for table `items`
--
ALTER TABLE `items`
  MODIFY `id` int(11) NOT NULL AUTO_INCREMENT, AUTO_INCREMENT=1030;
--
-- AUTO_INCREMENT for table `item_categories`
--
ALTER TABLE `item_categories`
  MODIFY `id` int(11) NOT NULL AUTO_INCREMENT, AUTO_INCREMENT=10;
--
-- AUTO_INCREMENT for table `item_rows`
--
ALTER TABLE `item_rows`
  MODIFY `id` int(11) NOT NULL AUTO_INCREMENT, AUTO_INCREMENT=157;
--
-- AUTO_INCREMENT for table `item_sub_categories`
--
ALTER TABLE `item_sub_categories`
  MODIFY `id` int(11) NOT NULL AUTO_INCREMENT, AUTO_INCREMENT=25;
--
-- AUTO_INCREMENT for table `kots`
--
ALTER TABLE `kots`
  MODIFY `id` int(10) NOT NULL AUTO_INCREMENT, AUTO_INCREMENT=6;
--
-- AUTO_INCREMENT for table `kot_rows`
--
ALTER TABLE `kot_rows`
  MODIFY `id` int(10) NOT NULL AUTO_INCREMENT, AUTO_INCREMENT=22;
--
-- AUTO_INCREMENT for table `offer_codes`
--
ALTER TABLE `offer_codes`
  MODIFY `id` int(10) NOT NULL AUTO_INCREMENT, AUTO_INCREMENT=5;
--
-- AUTO_INCREMENT for table `purchase_vouchers`
--
ALTER TABLE `purchase_vouchers`
  MODIFY `id` int(11) NOT NULL AUTO_INCREMENT, AUTO_INCREMENT=2;
--
-- AUTO_INCREMENT for table `purchase_voucher_rows`
--
ALTER TABLE `purchase_voucher_rows`
  MODIFY `id` int(11) NOT NULL AUTO_INCREMENT, AUTO_INCREMENT=2;
--
-- AUTO_INCREMENT for table `raw_materials`
--
ALTER TABLE `raw_materials`
  MODIFY `id` int(10) NOT NULL AUTO_INCREMENT, AUTO_INCREMENT=6;
--
-- AUTO_INCREMENT for table `stock_ledgers`
--
ALTER TABLE `stock_ledgers`
  MODIFY `id` int(10) NOT NULL AUTO_INCREMENT, AUTO_INCREMENT=26;
--
-- AUTO_INCREMENT for table `tables`
--
ALTER TABLE `tables`
  MODIFY `id` int(10) NOT NULL AUTO_INCREMENT, AUTO_INCREMENT=21;
--
-- AUTO_INCREMENT for table `taxes`
--
ALTER TABLE `taxes`
  MODIFY `id` int(10) NOT NULL AUTO_INCREMENT, AUTO_INCREMENT=3;
--
-- AUTO_INCREMENT for table `units`
--
ALTER TABLE `units`
  MODIFY `id` int(11) NOT NULL AUTO_INCREMENT, AUTO_INCREMENT=4;
--
-- AUTO_INCREMENT for table `users`
--
ALTER TABLE `users`
  MODIFY `id` int(10) NOT NULL AUTO_INCREMENT, AUTO_INCREMENT=5;
--
-- AUTO_INCREMENT for table `vendors`
--
ALTER TABLE `vendors`
  MODIFY `id` int(11) NOT NULL AUTO_INCREMENT, AUTO_INCREMENT=2;
--
-- AUTO_INCREMENT for table `vendor_items`
--
ALTER TABLE `vendor_items`
  MODIFY `id` int(11) NOT NULL AUTO_INCREMENT;
/*!40101 SET CHARACTER_SET_CLIENT=@OLD_CHARACTER_SET_CLIENT */;
/*!40101 SET CHARACTER_SET_RESULTS=@OLD_CHARACTER_SET_RESULTS */;
/*!40101 SET COLLATION_CONNECTION=@OLD_COLLATION_CONNECTION */;
